Iso3,Human Hazard,Infrastructure,Institutional,Natural Hazard,Socio-Economic Vulnerability,Vulnerable Groups,Cluster,0ClusterProb,1ClusterProb,2ClusterProb,3ClusterProb,4ClusterProb,5ClusterProb,6ClusterProb,7ClusterProb,8ClusterProb,9ClusterProb,10ClusterProb,11ClusterProb,12ClusterProb,13ClusterProb,14ClusterProb,15ClusterProb,16ClusterProb,17ClusterProb,18ClusterProb,19ClusterProb
AFG,10.0,7.1,7.2,6.5,7.7,8.7,0,0.9999445693997467,2.7488889068122193e-11,1.8129713815777235e-09,5.555603373502398e-37,1.1644470495176067e-12,2.37425997204437e-15,1.124703547177163e-12,6.969091992028915e-09,1.063758881493871e-12,3.327768134479968e-07,9.826234535150786e-13,1.0187592373397701e-10,8.713352128646629e-13,6.049976660762246e-20,6.321786330006384e-13,3.611879909854118e-12,5.508890255836299e-05,7.337141491882742e-22,1.5122975764357162e-30,3.117077627878319e-39
AGO,4.7,7.7,6.5,3.2,5.1,4.9,5,0.029751625538885745,1.2357844751958484e-13,1.6745652389966556e-11,1.662299459435332e-26,1.2962032454624556e-13,0.9702483736293445,1.2088880274496705e-13,1.6949433473427898e-13,1.142808275567326e-13,2.0007610153593726e-17,1.0549392286553796e-13,7.295895589304869e-10,9.346057846183114e-14,6.3597440126258914e-12,6.76754797483342e-14,2.673299655774859e-12,7.54767319563349e-11,7.814050969828527e-23,1.6105959462304692e-31,3.31968566886076e-40
ALB,0.1,2.5,5.6,6.4,2.2,0.9,3,6.829736643139112e-08,0.025437056418894436,4.080302501910678e-13,0.9642808770488769,1.6100818257960528e-11,0.01028062003123646,1.5510917939666134e-11,1.3779039869976469e-06,1.466689266910915e-11,4.0718707930879066e-13,1.3543874710329621e-11,1.9824688445825157e-10,1.200467532137894e-11,1.697628609416876e-11,8.701534781019997e-12,2.651339824622404e-12,4.2046295782206867e-13,1.007405594693873e-20,2.0764176907647229e-29,4.279815845019106e-38
ARE,0.1,1.4,2.4,4.1,1.1,1.9,3,1.1970411113803056e-06,0.00010686802300952792,3.6731769289799625e-07,0.9914208311668701,3.0946549404899084e-07,5.24167950904461e-06,2.9711678327944525e-07,5.160148543900587e-07,2.809645618756162e-07,3.5465258503201714e-05,2.5947049463218757e-07,4.008782804885159e-08,2.3000582226858329e-07,0.00842755775059921,1.6675444146183426e-07,3.0433724446218246e-07,6.75451801700573e-08,1.9316662326280166e-16,3.981460852719574e-25,8.206402459187606e-34
ARG,1.5,2.2,4.6,3.9,1.9,1.8,3,1.9676278181820514e-05,0.00018509362935761902,4.134104226774585e-06,0.9970971384220428,8.054789308864299e-06,0.0010252382790236125,7.726225137300625e-06,0.0014018608385315053,7.306116429330031e-06,0.0001318668520151211,6.747085188413658e-06,2.21535417342442e-06,5.980778041612022e-06,7.558825645242295e-05,4.3358693472621035e-06,9.306289185584349e-06,7.730833351023886e-06,5.0220143709830356e-15,1.0351143112678633e-23,2.1335296123096593e-32
ARM,3.1,2.0,6.7,4.4,2.1,3.0,3,7.407778365334871e-07,1.0430706460164732e-10,5.633677213708792e-06,0.9620434932799647,6.880862988742687e-09,0.015332136303449097,6.638474751714496e-09,0.022608269954607383,6.278057672560337e-09,2.294408428891279e-10,5.798359715910991e-09,5.673826315780523e-07,5.140619811282651e-09,2.2355807302894485e-06,3.728049016895358e-09,6.094149518273241e-07,6.278830442895281e-06,4.321872727362092e-18,8.908043627720025e-27,1.836084639213228e-35
ATG,0.0,2.0,5.2,3.7,2.2,1.1,3,3.131138349737631e-07,9.100376274879596e-05,5.037840395717584e-07,0.9908261552990026,4.2094782315367127e-07,0.009072855856962039,4.0349631468104493e-07,3.1799201507082045e-06,3.8155890265548843e-07,9.376230650510461e-07,3.523667381228606e-07,2.5559639669225895e-07,3.1234997788712787e-07,5.0917148893104205e-09,2.2644924355881204e-07,2.663309624785108e-06,2.94734594834438e-08,2.6230180480075184e-16,5.406443151366726e-25,1.1143509885957635e-33
AUS,0.1,1.8,2.3,4.9,0.5,3.6,13,1.6698449981237592e-09,6.1214778049564934e-06,2.7002098631140517e-14,0.0899692044213096,3.5014986817434156e-11,2.622306348137677e-08,3.3490138952552676e-11,2.1127350505460588e-07,3.166384850023715e-11,0.00011348941716339707,2.923457888058779e-11,2.2066461622450706e-08,2.5906345341043947e-11,0.9099109219766747,1.876899660948891e-11,1.2725766096230116e-09,2.7489871112917925e-11,2.170178548065462e-20,4.4730713756696554e-29,9.219687269396119e-38
AUT,0.0,0.5,2.2,2.3,0.3,4.4,3,1.225411674572924e-16,1.4719821091846814e-10,2.03212699677034e-11,0.9999940155551855,1.2436671819762145e-11,3.630331636633055e-11,1.1895268465107481e-11,1.0200870984525956e-12,1.1248413974402706e-11,4.14724634398204e-09,1.0387666307403442e-11,5.948673431359434e-13,9.207792133515454e-12,5.980028347964375e-06,6.675218843464749e-12,1.9290867033806802e-12,2.0564767278971197e-15,7.731167041689075e-21,1.593512295363589e-29,3.28447363999203e-38
AZE,5.0,2.3,6.4,4.9,2.2,5.6,7,1.666480876392841e-07,1.0036433025685305e-14,2.1057098047541595e-07,0.0001806505471625785,1.7376802276081772e-10,4.0605569001632974e-06,1.6795994005961514e-10,0.9995803852284001,1.5884528118619237e-10,8.265413364781376e-08,1.467133479106264e-10,1.2499036772604736e-06,1.3007718780179898e-10,0.0001971327608786645,9.434365782820695e-11,5.594025082416874e-10,3.605969865990019e-05,1.0940138763453187e-19,2.2549306642277467e-28,4.6477585069249316e-37
BDI,6.3,7.3,6.3,3.8,7.0,6.2,11,0.12944192205272226,5.238458914082383e-07,5.9104640163812086e-08,1.802744595944957e-26,6.145844097766678e-08,0.003674713848246618,5.887178031433932e-08,5.177927735458553e-09,5.567341313255846e-08,4.2004081645624505e-10,5.1416913279911876e-08,0.8668823985131475,4.5581291122862374e-08,2.989744079156923e-08,3.305134297377267e-08,1.421703212490529e-08,2.6869728483747327e-08,3.8301203354873655e-17,7.894466403861217e-26,1.6271708025552609e-34
BEL,2.4,0.9,2.6,1.7,0.3,3.2,3,3.5269947014242366e-08,2.877155617925024e-13,2.509121180794317e-10,0.9999998097582802,2.75819536086869e-09,2.9566106558415224e-08,2.6404270030565457e-09,3.510023155361477e-08,2.496869289764634e-09,7.317811345525322e-08,2.305837114238857e-09,2.4276809447806405e-10,2.0439700260360966e-09,1.8749906447721236e-09,1.4818440184550938e-09,8.949510978293504e-10,1.3626846924943711e-10,1.7164426342034847e-18,3.537851953192772e-27,7.292056368981139e-36
BEN,2.0,7.6,5.9,2.8,6.7,3.0,5,5.1469975441251946e-08,1.5861311539465403e-11,1.2400815660157523e-08,2.410740385433776e-24,3.19390937253565e-10,0.9999986173204125,2.9902041572714837e-10,9.828872577131044e-14,2.826917739860593e-10,2.1774652582142553e-13,2.609759823991778e-10,1.2694180145020013e-06,2.3123160190664747e-10,4.774759401419969e-08,1.6747419524081576e-10,6.535555144201084e-11,8.703178327872389e-13,1.934863227234729e-19,3.988050349721868e-28,8.219984424803945e-37
BFA,3.9,8.0,4.7,3.6,6.8,4.5,5,1.0819702279537013e-07,7.846193003177619e-17,2.9067237481087215e-09,8.29694688484738e-31,2.364170435674685e-12,0.9920126994518895,2.2354121614788824e-12,1.0587642728181893e-11,2.1136685370626975e-12,9.870294049699629e-18,1.9517012315961306e-12,0.007986893074410509,1.72974482398556e-12,2.963333957652564e-07,1.2535583599368278e-12,1.4320640660676346e-11,1.2434160986446426e-15,1.4505624846755642e-21,2.9898321198558435e-30,6.162503304329629e-39
BGD,6.9,5.1,5.0,8.2,5.1,6.2,2,1.765064931545963e-05,7.883648771638082e-06,0.9907533711639953,9.795611726173257e-18,7.479359797376644e-12,1.0569495567569293e-09,7.2093748335329524e-12,0.009220094243025416,6.8177427502500036e-12,9.990539752683878e-07,6.296538306268862e-12,1.696773429368101e-16,5.581959497623557e-12,1.1404723921186746e-10,4.04760502448925e-12,4.657503111134464e-13,3.2021203943547023e-11,4.690774525051256e-21,9.668406904347369e-30,1.9928071914123384e-38
BGR,0.3,1.7,4.2,3.5,1.8,2.7,3,5.391366044987892e-07,9.36494695986283e-05,6.3267549656527e-06,0.9985055170182419,3.157819125595585e-06,0.00026907448863124707,3.0264959797667512e-06,3.150783197934001e-05,2.8619569679663898e-06,0.0007866017100937188,2.6430034009430903e-06,3.2122806554160905e-06,2.34285868622833e-06,0.00028334047795524074,1.6985540697285545e-06,4.108957915302233e-06,3.9118512647539623e-07,1.967524767540701e-15,4.0553708018499474e-24,8.358742218572122e-33
BHR,0.2,1.3,4.7,0.9,1.3,0.9,3,2.161479975413535e-08,9.280612796647079e-12,1.4047980086032714e-11,0.9998513836597146,2.6459283948231847e-10,0.0001330672831165585,2.5167386031820656e-10,1.547438800732069e-05,2.379586675293199e-10,5.0817729261297205e-08,2.1971355949768462e-10,3.582181142895276e-14,1.9471373281262596e-10,1.2142158567024822e-12,1.4109017675808888e-10,1.1814485037961845e-10,7.84165892791737e-10,1.6320124939356197e-19,3.3638284637314484e-28,6.9333672232883095e-37
BHS,0.0,2.6,3.7,3.5,2.1,1.4,3,4.484031623394014e-05,0.0005391084336042881,1.0126554872929381e-06,0.9967422068991632,1.3487425294234528e-05,0.0015833929711137461,1.2861127696912151e-05,0.00023393147850947715,1.2161007241024508e-05,0.000271520533600412,1.1229512965888085e-05,3.0696545852522345e-06,9.952909157052533e-06,0.0004873308209090375,7.213669517461806e-06,1.3867008081657286e-05,1.2813576831186894e-05,8.349538649720953e-15,1.7209681833530193e-23,3.5471798052227303e-32
BIH,1.6,2.5,6.1,4.1,2.6,4.6,3,2.4283711741317594e-07,1.8660164043814442e-07,2.712948054803206e-05,0.9537865603395808,6.73562510133016e-09,0.036734043537687285,6.4791221824546345e-09,0.008447229362446974,6.127265479564192e-09,0.000122961799494611,5.658977302588711e-09,4.956765505876596e-05,5.0169123073971616e-09,0.0008320152952322323,3.638123338091476e-09,2.459400232478837e-08,4.841165833572809e-09,4.2169803183430924e-18,8.691844258902745e-27,1.7915226279925213e-35
BLR,1.9,1.3,4.3,2.3,1.2,1.2,3,1.061204348712919e-06,3.071810382945199e-08,1.16504386182759e-09,0.9980093788494152,1.1640131753700147e-07,0.0003688046890268462,1.1167420606235095e-07,0.0015672581344886314,1.05602787307784e-07,5.166470135097142e-05,9.752351498599241e-08,1.0269240517257315e-08,8.64483696632193e-08,3.839592404570518e-08,6.267409891669919e-08,6.952448289767838e-08,1.1020242798302802e-06,7.2597797621764e-17,1.4963521354900495e-25,3.0842116245117485e-34
BLZ,0.1,3.8,6.3,5.4,3.7,2.5,5,1.289398338617387e-06,0.08712806897747581,2.5091325020217104e-07,0.012449523760552948,7.63957808377305e-09,0.9004158997747391,7.325131566471936e-09,2.8116466575533564e-07,6.926881603827563e-09,6.341945260666884e-08,6.39692852321972e-09,4.576032244140842e-06,5.670464548196576e-09,3.219187676011388e-11,4.1110166211692475e-09,7.946377365162266e-09,5.107107674423026e-10,4.761926212044912e-18,9.815061461731308e-27,2.0230349486322683e-35
BOL,4.1,4.4,6.1,4.2,4.7,2.0,1,8.004264665928137e-07,0.9917864454134859,1.2666986485902886e-06,1.1896849105914287e-05,9.764386440844804e-07,0.007892481960434298,9.390853405148794e-07,0.0001207606831356283,8.880873252077991e-07,4.194875561910618e-07,8.202137308666529e-07,0.00012103685333727939,7.271528997403509e-07,4.667540574509295e-05,5.273111503886554e-07,1.2257809151390891e-05,1.0801238415535314e-06,6.112119773397546e-16,1.2598017811713378e-24,2.596645004818212e-33
BRA,7.0,3.2,5.2,4.0,3.3,3.3,7,5.2488815926141634e-08,2.1424539875337354e-05,7.346859726722457e-13,1.824848342057168e-12,4.633246789965601e-10,5.0729512047286125e-08,4.471644714569928e-10,0.9995977274389769,4.2290719012591233e-10,0.00034410463790116887,3.906183010045672e-10,3.531116239615192e-05,3.4633854651296137e-10,9.605302395368976e-09,2.512165860987891e-10,2.8576405580742586e-10,1.3167873272169115e-06,2.9137556402420776e-19,6.005697992788725e-28,1.237866617311945e-36
BRB,0.0,1.8,3.1,3.8,2.2,0.6,3,1.748911542393239e-06,0.006923157062657058,7.156089113152832e-07,0.9823750024962838,5.777261272760461e-07,0.01059112296913985,5.555150856324545e-07,1.0139906384796869e-05,5.253449890190257e-07,9.317489766529796e-07,4.851918152139717e-07,3.377476955461072e-07,4.301389404628126e-07,9.247995486821245e-05,3.1191960752707833e-07,2.1963403389712198e-07,1.258122940649857e-06,3.615334173427736e-16,7.451759127884159e-25,1.5359220319991663e-33
BRN,0.0,2.1,4.6,2.6,1.2,0.5,3,2.1114457871909284e-06,5.4725247515136664e-08,2.247072514661661e-09,0.999142846572426,5.037731853573395e-08,0.0005528275962923414,4.7863117923409025e-08,0.00029657018213709367,4.525459644456199e-08,1.411850249484458e-06,4.1784552907664806e-08,1.616780544111292e-11,3.7029886532743356e-08,1.1983666098931891e-09,2.683156179892762e-08,1.3439384354448344e-08,3.911585834852926e-06,3.103526019326391e-17,6.396843897049682e-26,1.3184877970589737e-34
BTN,0.1,4.7,4.1,3.6,5.1,1.2,5,7.111071742992388e-12,1.0425832972673673e-07,2.9294215671523677e-08,2.656784412219096e-09,8.375470316240194e-10,0.999991112894968,8.007186569004663e-10,1.3127698474950527e-07,7.571922976472624e-10,7.132994551239213e-13,6.992703676767941e-10,6.1757006589633616e-06,6.198682771201446e-10,2.155315226141507e-06,4.4941274694567907e-10,9.346232461826845e-11,2.8433753651007194e-07,5.206186228785308e-19,1.0730749604540508e-27,2.2117723418899748e-36
BWA,1.2,4.4,4.8,3.0,3.6,3.1,5,0.014881341426769718,0.0022469861511459762,0.00026119454333293807,0.0002500113518081523,0.0003150285676178272,0.9581256401068535,0.00029795633547963294,0.0023065506587170116,0.00028171389988052546,0.0003364390841910769,0.0002601077477262591,0.0009014929898739716,0.00023050423166125518,0.018590374154036512,0.00016701249022158665,0.00040941627990392514,0.00013822998058718702,1.9315102363327046e-13,3.981139320382881e-22,8.2057397316471e-31
CAF,10.0,9.2,8.0,3.1,9.0,9.0,0,0.9997272016597115,5.386988432043043e-16,2.1869951269074546e-27,1.492965528830346e-54,2.1509379608514535e-18,1.870035954744227e-11,2.070212104690271e-18,5.089423630549518e-20,1.9578003758381717e-18,1.4648106044889774e-21,1.8081884811844425e-18,0.00027279832158701807,1.6030526237526183e-18,5.076861231786698e-21,1.1625201948602791e-18,1.9330475379240488e-20,3.5479106284342177e-16,1.3475832448267472e-27,2.777576086611702e-36,5.72501101252363e-45
CAN,0.1,2.3,2.3,4.6,0.5,3.8,13,5.480485335269751e-09,1.6657749354282767e-07,1.1632033145856945e-16,0.01942351570803352,4.12307279428611e-12,2.345667669032655e-08,3.919510004254942e-12,2.788847052954986e-07,3.705391417776879e-12,3.5108211169021366e-05,3.4206457885379044e-12,5.883403338942589e-08,3.030654303988e-12,0.9805408350819075,2.194813144425008e-12,7.710299952049654e-09,3.480174464532322e-11,2.5350961997011587e-21,5.225222715221766e-30,1.0769986727537068e-38
CHE,0.1,0.6,1.1,2.2,0.3,4.1,3,5.71148491792981e-17,7.2340932765452346e-12,2.341721906728393e-11,0.9999999957282251,3.3504844991390757e-13,2.788867317652322e-12,3.2046198862916284e-13,4.866653465599261e-17,3.030405335447228e-13,1.3478191999271147e-13,2.798574957009393e-13,2.7338887023017267e-15,2.4807757595629677e-13,4.236222202825848e-09,1.798562396449932e-13,3.0908274332145956e-13,6.393639404131141e-17,2.0834296482382744e-22,4.294268566557938e-31,8.851147211692724e-40
CHL,2.7,2.6,3.3,6.2,1.8,2.2,13,7.934972002502325e-06,0.006074695918582421,1.4116547862659058e-05,0.024346160746565586,3.930710081468479e-08,0.00013039438741879682,3.788935012591954e-08,0.0549381970047121,3.582804300624089e-08,0.003901368151904849,3.308529280623015e-08,2.5677522499199228e-08,2.932595670655222e-08,0.9105868815393042,2.1257809874239324e-08,2.7930924927211967e-08,4.296459918864112e-10,2.4614008218498673e-17,5.073325220221527e-26,1.0456902655477856e-34
CHN,6.3,3.3,3.9,7.5,2.7,3.4,7,4.206547862268443e-10,8.676848423657915e-05,0.020982819310824182,1.4621231171832313e-11,1.1187644285718574e-11,2.7237523515840345e-09,1.0787283408344593e-11,0.978337839237535,1.020061799298789e-11,0.0004926731504116745,9.419972712183388e-12,7.380827255637446e-14,8.34991950319234e-12,9.989660122508481e-05,6.053154239418227e-12,6.654026571546505e-13,1.239439389482529e-15,7.010239548202212e-21,1.4449180638920958e-29,2.978198101520767e-38
CIV,6.4,6.7,7.2,3.8,6.1,5.7,0,0.9609226232486696,1.3143391018037252e-05,9.429477262081747e-07,3.2399849760436837e-19,6.04700121494089e-07,0.0023880215990301546,5.790168434747478e-07,9.401295946675084e-08,5.475573198814858e-07,3.663191250021236e-09,5.056903895145474e-07,0.03665016041174627,4.4829216793475753e-07,2.098140262937085e-07,3.2505338256056657e-07,3.2179419211932295e-07,2.1468807214959418e-05,3.766642455334755e-16,7.763628741239405e-25,1.6002031503287913e-33
CMR,6.8,6.9,4.9,3.6,6.0,7.2,11,0.003962436892874393,1.1325305831833428e-11,3.159353911687709e-10,1.7184004121327225e-27,1.7327518898327242e-10,0.0017099659581476633,1.658704703097269e-10,2.125378983945445e-08,1.5686167908194944e-10,1.4387380862290466e-13,1.4487200567966895e-10,0.9943275746088766,1.2843342433104404e-10,6.288691945726541e-12,9.313402915626428e-11,8.970821472295624e-11,4.63036424335274e-13,1.0794566364993411e-19,2.2249259565852313e-28,4.5859141950772955e-37
COD,7.0,8.2,7.9,4.6,6.7,7.9,0,0.9994915914566126,2.2664758584640377e-11,9.307401004098071e-11,5.047131858951024e-32,1.426080494020729e-12,0.00048010337199214407,1.3601979592522987e-12,1.5485505681760034e-14,1.2862466766691176e-12,4.164144948669617e-15,1.1878394998465823e-12,2.830493952741844e-05,1.05294238488106e-12,6.954639480698758e-15,7.633692661844623e-13,5.904637540491208e-14,1.0896615139581543e-10,8.842343710527218e-22,1.822542876978042e-30,3.7565408529362984e-39
COG,3.5,7.0,7.8,3.8,5.5,6.5,5,0.016126551136272035,3.73136893267075e-08,4.9886167910158324e-11,1.306394851211206e-20,1.3613535641246653e-13,0.9838734074616031,1.283410668896572e-13,9.323412376720219e-12,1.213441911757477e-13,3.8665822104441754e-13,1.1203686225815994e-13,4.013770211317317e-09,9.928470557327736e-14,5.4071871698470845e-12,7.193552272067249e-14,2.4212520792299113e-15,8.990372780157183e-12,8.318936966872532e-23,1.7146607064057155e-31,3.534179126264361e-40
COL,7.0,3.2,4.4,6.7,3.6,7.7,9,4.419105044022111e-07,3.285031739624234e-09,0.0005024018979860667,4.276572178947981e-14,7.178174173329271e-12,1.0483757755970832e-10,6.918934852031749e-12,0.001440237072828419,6.543480652598115e-12,0.9980569000261004,6.043735292644601e-12,1.608038068016899e-14,5.35844454161274e-12,4.5946215139046615e-12,3.886459966178282e-12,6.204401512387371e-13,1.5661507839781085e-08,4.506867686668975e-21,9.28934665823155e-30,1.914677051471834e-38
COM,0.3,5.9,7.8,2.9,6.1,4.5,5,2.317189272412205e-11,1.9972733507940163e-07,2.978758332871978e-05,1.877024054250602e-15,8.567589442016282e-13,0.9999690728426828,8.0952123859626e-13,5.2601370829794125e-15,7.654183919188004e-13,9.329076261930442e-07,7.06746807913219e-13,6.909265237510925e-09,6.263495863015728e-13,6.355871422968945e-14,4.5388457378371623e-13,2.3003883717146033e-12,1.5857861665631598e-17,5.251066905793684e-22,1.0823255574517503e-30,2.230839243401504e-39
CPV,0.0,3.7,4.0,2.4,5.1,0.9,5,3.712748499961611e-15,1.065932182153572e-08,7.384622934770037e-13,2.28472083585759e-09,2.697750169422115e-14,0.9999999538430766,2.588723871712544e-14,2.669821887357826e-10,2.447904152772862e-14,1.6535564024006543e-15,2.26052838987856e-14,2.0247329107109455e-08,2.0036976587109625e-14,1.0237962758974899e-10,1.4524771004373306e-14,1.1111108917736493e-14,1.2595300593759446e-08,1.681905359479473e-23,3.466665324285014e-32,7.145329790938693e-41
CRI,0.1,2.2,3.0,6.0,2.4,3.4,1,4.4293023918895536e-09,0.8622340958059834,1.0374729826843825e-07,0.017045694306612617,9.37941328285912e-10,0.001506112667770425,9.052017304466902e-10,2.0326655127588844e-05,8.560433713285992e-10,8.962257373699242e-07,7.906182585364384e-10,1.7419419011334776e-09,7.009146516125519e-10,0.11919274414399218,5.082828539973592e-10,9.21742749977454e-11,1.548505705046338e-08,5.891526943405054e-19,1.2143342101090413e-27,2.502929356019556e-36
CUB,2.3,2.0,4.0,5.7,3.4,2.9,1,6.488864207752794e-05,0.9761772285359467,0.010757221840090168,0.00018423274199815483,4.333098314528691e-08,0.011486887816853935,4.177257263872004e-08,2.4172672774766603e-05,3.9506685817169126e-08,1.2822780044122821e-07,3.649053638929368e-08,1.3797115469152348e-10,3.2354256238062245e-08,0.001263928125795215,2.346849425598711e-08,1.1549902969328716e-06,3.99393448661918e-05,2.7221181484448908e-17,5.610703682375837e-26,1.156452221936883e-34
CYP,0.1,1.3,3.7,4.3,0.8,6.5,13,3.441111820055173e-23,6.008462483259712e-08,1.6618123992823293e-18,0.015677073204828116,4.213397089155178e-18,4.749825505758903e-09,4.055270924267247e-18,6.585111947064356e-07,3.834830975831681e-18,4.3747812824375794e-06,3.541484147940398e-18,2.1966089622763033e-10,3.139350126157178e-18,0.9843178284485844,2.2760720003873284e-18,1.5472077251815387e-20,1.9422645239987898e-21,2.636698215228575e-27,5.434640077590676e-36,1.1201628082585815e-44
CZE,0.1,1.0,3.1,1.7,0.4,1.4,3,1.5610977342012634e-07,2.6229200972561434e-11,6.45678153097804e-10,0.9999992532628367,1.1389538887658665e-08,6.033428564888025e-08,1.083753438786809e-08,2.2014758617314762e-07,1.0247236111247676e-08,2.2943720129607865e-07,9.46191765158399e-09,2.3319234348264614e-12,8.385757788686027e-09,1.3251541889615389e-08,6.077050012807738e-09,5.064966040748325e-09,5.318534567490828e-09,7.031570197394374e-18,1.4493146383757157e-26,2.9872601169440094e-35
DEU,0.6,0.6,2.3,2.4,0.4,5.5,3,3.6013122456244627e-20,1.600802545829915e-11,3.520073371658132e-13,0.9999949590044799,1.4333214396783214e-13,1.2044374285073118e-11,1.373305500860147e-13,3.822811115681521e-13,1.2986669743263188e-13,9.170156944073944e-10,1.1993407299311494e-13,1.1120201083204036e-13,1.0631753005611767e-13,5.040048884816735e-06,7.708467018227627e-14,8.270752678229391e-15,3.1176319785535013e-18,8.930739747692e-23,1.8407626581996465e-31,3.794094621001227e-40
DJI,1.5,6.5,6.3,5.8,6.1,5.2,5,5.5240254368186864e-08,0.0007774921140226286,1.9334059921700386e-08,7.4669631272753e-17,1.4265271327117106e-10,0.9991736399679957,1.362870817886107e-10,8.414238799865764e-10,1.2887636109034207e-10,2.801811783750537e-06,1.1901508199992753e-10,4.598978731833628e-05,1.0549753430954117e-10,3.869843755282633e-11,7.64818370157776e-11,1.118761744329461e-11,1.444444069181999e-10,8.858368039965276e-20,1.8258457374447617e-28,3.763348555751666e-37
DMA,0.0,3.3,4.9,4.9,4.1,3.4,5,1.9117258432689086e-09,0.17324987640012074,0.0010356309432079703,0.0003862549237672339,1.3908514154992795e-07,0.8251976356237539,1.3382600550764954e-07,2.139384694009495e-06,1.2656266421671186e-07,2.62526502224346e-05,1.1689508436897792e-07,6.817335161928764e-05,1.0363856095519038e-07,3.225053562149403e-05,7.516562827427521e-08,4.813807666536093e-07,6.07721415755277e-07,8.715528847633515e-17,1.7964043855769992e-25,3.702665406699885e-34
DNK,0.0,0.5,2.0,1.1,0.2,3.2,3,1.5602516066005399e-13,6.845233842169211e-14,3.018300903712452e-12,0.9999999997173932,5.45956492834231e-12,6.569970693036835e-12,5.195121987146782e-12,1.04472637160522e-13,4.912254952836589e-12,2.1508126003048598e-12,4.535917615640506e-12,1.0236522529440139e-15,4.020171033171955e-12,2.4220765555534314e-10,2.9135993372818e-12,1.2907432891549603e-12,2.8220083959750626e-15,3.3719494257632663e-21,6.950105773577251e-30,1.432523569155271e-38
DOM,3.6,3.2,5.5,6.7,3.8,0.8,1,5.708886374882327e-12,0.9999492326758892,9.575385056865188e-09,3.815666334534173e-05,1.0921236209739684e-11,7.631373621353874e-07,1.0522275552419264e-11,3.0695624602627865e-06,9.950892384604419e-12,1.1190441516949656e-15,9.190427586579136e-12,3.2295613066844084e-14,8.14774829571677e-12,8.768232692403062e-06,5.908614154845326e-12,9.247915752212803e-11,3.088910330355262e-15,6.849019306125777e-21,1.4116880952969655e-29,2.9097060313773747e-38
DZA,5.3,3.8,5.0,5.0,2.3,3.4,7,2.445952690598953e-07,2.2306504286009897e-07,8.88240835478094e-05,1.1358121773060269e-06,9.473351171951486e-08,0.0004000861340868983,9.114696100928468e-08,0.9990632678976927,8.619007490871973e-08,0.0002511107170291624,7.959418025444111e-08,0.00010019712427028702,7.055295224575382e-08,7.417019821307324e-05,5.114666402834486e-08,6.488269477846035e-08,2.020212563231932e-05,5.923462271246739e-17,1.2209165717743163e-25,2.5164966146101502e-34
ECU,0.5,3.4,4.6,6.8,3.2,4.0,1,1.5406889750851656e-08,0.9956951308292268,1.2751664378708453e-11,0.0003145644567190131,5.933111088169556e-12,0.0038022462084230132,5.7196358553945146e-12,0.00016482162117720155,5.408606861481672e-12,1.4538387971796398e-06,4.994730816773533e-12,1.3391707582605276e-08,4.42740795848645e-12,2.175418121552338e-05,3.209662013293736e-12,3.0219535854366704e-13,2.309687261567913e-11,3.717384841366517e-21,7.662101231771742e-30,1.5792767709371402e-38
EGY,9.0,3.9,5.3,5.0,3.4,4.2,7,8.619856939114875e-13,9.371622690119405e-09,5.073808991576299e-12,1.0061038878054867e-20,1.2004582706043757e-12,5.950013513384467e-12,1.1605273360337515e-12,0.9999444800588863,1.0976138143352286e-12,5.1689525310011696e-05,1.0138621756490312e-12,3.819797730068176e-06,8.989946085345377e-13,1.7355847345208053e-12,6.521819150806166e-13,5.0442756669953055e-14,1.226755824295145e-09,7.567329148498874e-22,1.5597427886627971e-30,3.2148694989276206e-39
ERI,3.2,7.6,8.1,4.2,6.2,3.0,5,1.0570828658826784e-06,2.2397159177232526e-06,1.481631025659827e-07,1.1250282398283665e-18,1.6475611261525536e-11,0.9999965549074372,1.5543715582649452e-11,4.7764822944634845e-18,1.4696419554401985e-11,3.182360128151737e-14,1.356931562764959e-11,3.4710560415450038e-12,1.2025010137480716e-11,8.212690794211547e-18,8.712835476503007e-12,8.157368034977861e-13,4.533487178907845e-11,1.0076688757805959e-20,2.076960353527832e-29,4.2809343563390517e-38
ESP,1.1,0.6,2.9,4.1,0.6,3.3,3,6.761294520173693e-08,8.84951010226634e-06,5.078050124190264e-06,0.9822109567810123,6.325780077871664e-07,1.3864173755423156e-06,6.090705597086638e-07,4.9038069117158e-07,5.759815713614122e-07,0.005566170730915082,5.319454967460083e-07,7.041433641834863e-08,4.7157229607628527e-07,0.012203501213619938,3.4194151886533167e-07,2.491151828852206e-07,1.6684243996062902e-08,3.9625755343397586e-16,8.167476916786503e-25,1.6834424633232874e-33
EST,0.0,0.9,2.8,0.9,0.8,0.9,3,2.074138661967569e-08,8.758037762298002e-12,5.005623040623183e-12,0.9999998430804843,1.0282863320769743e-10,1.2126244590677415e-07,9.790872203509524e-11,6.653085680315846e-09,9.257569154311311e-11,7.696335366048699e-09,8.548078242884757e-11,3.6838975642399714e-14,7.575833189532827e-11,5.119958667980372e-12,5.490074337804014e-11,1.215377668307206e-11,2.573465646315e-11,6.352293064438334e-20,1.3093051860528072e-28,2.6986791271127493e-37
ETH,9.0,8.2,4.7,4.5,6.4,6.8,11,4.832264091430077e-09,1.6834233852814727e-21,7.842668072973626e-12,2.2488584319623146e-43,1.1445247025599193e-17,3.6559006249730606e-06,1.1006065206910933e-17,3.666449650129617e-13,1.0409312103128787e-17,2.1300115202644045e-19,9.614921703164938e-18,0.9999963392589014,8.525428446464533e-18,7.798624258167346e-21,6.184597147164055e-18,3.2833933974907246e-16,1.8383680135757716e-24,7.175337654219507e-27,1.478947319822651e-35,3.0483376256509393e-44
FIN,0.0,0.9,1.8,0.2,0.2,2.8,3,7.585151439846013e-13,1.8151179382845983e-17,2.915738970313186e-14,0.999999999997577,3.3033496715290034e-14,3.3730458981254654e-13,3.11815027739894e-14,1.296113226226808e-14,2.94804911460113e-14,1.7283494680795194e-17,2.721797425249217e-14,1.9213842738987198e-19,2.4118407089193412e-14,1.0986307119779684e-12,1.7472228786250375e-14,2.4023530023591693e-14,8.880207173694803e-18,2.0198117465437127e-23,4.163142298018621e-32,8.580875828295823e-41
FJI,0.1,3.7,2.5,3.9,3.2,3.5,13,2.8502652052598498e-08,2.0964035799079502e-05,2.247916750268817e-06,0.00020152334828025807,1.3882406091661173e-07,0.038676568789909736,1.3234991027164152e-07,5.335156106071718e-05,1.2514963885562026e-07,2.1049745803484907e-08,1.1556905019495692e-07,6.357439802474329e-05,1.0243747323767603e-07,0.9609777677185847,7.425497870264133e-08,6.50825615432701e-07,2.6132684648361083e-06,8.597882086342142e-17,1.7721555807537247e-25,3.6526848947985683e-34
FRA,0.6,1.0,2.8,3.5,0.4,4.6,3,3.4313010790061714e-13,2.436573049733264e-08,9.357357576916648e-11,0.9742075975009743,3.7001902528670357e-10,3.947596567887423e-09,3.5454817792363034e-10,1.8014466666820896e-08,3.3526124310177073e-10,9.435745588645194e-06,3.095979923579387e-10,3.6082838153883803e-09,2.744222504470262e-10,0.02578291474322068,1.9892724443549295e-10,1.3601049879118243e-10,1.436003935252177e-12,2.3034633492497544e-19,4.747791826453804e-28,9.785928321688265e-37
FSM,0.0,4.9,5.4,4.3,5.6,3.5,5,2.271014853234149e-12,0.00011649635445001176,5.780303664661634e-05,2.346116734604687e-11,6.197648192589073e-09,0.9997390028009998,5.931649849363589e-09,1.2207274311130517e-09,5.6093840830791686e-09,9.776652454542249e-08,5.180503737097701e-09,8.64533854166937e-05,4.592517016185623e-09,2.9895733473419767e-08,3.330038914155147e-09,7.937160101263909e-09,7.673486778619899e-08,3.858887730779981e-18,7.953760424876455e-27,1.6393922111757227e-35
GAB,4.3,5.2,6.8,2.6,4.2,2.4,5,3.315572840516081e-06,1.667508305748671e-05,3.9759458372972164e-08,2.0059798798981286e-07,7.410045723848221e-09,0.9999315651406931,7.055904003210857e-09,3.968021269788479e-05,6.671891613718011e-09,9.877691470767687e-11,6.160955924990933e-09,1.283300091031013e-08,5.460693857655234e-09,6.230904109498904e-08,3.958008923961775e-09,9.589157411868494e-10,8.41071603005173e-06,4.5818702182039726e-18,9.44393839777782e-27,1.946540783868391e-35
GBR,1.4,0.9,2.1,2.3,0.5,3.5,3,5.166638782467009e-10,5.2430549157123546e-11,4.98966168543941e-09,0.9999998646079459,2.005489449741589e-09,2.6916544778625876e-09,1.9202876197891996e-09,6.887083532847223e-11,1.8158943179356627e-09,3.770072756460738e-08,1.676976238874686e-09,7.658855591561714e-11,1.4865435445187392e-09,7.785125359709439e-08,1.077744890971255e-09,1.4542924133216812e-09,6.974910313995273e-12,1.248447139974408e-18,2.5732413449787666e-27,5.303845719616362e-36
GEO,3.3,1.8,4.4,4.4,2.9,6.2,9,2.6616445939616927e-10,9.089243220883744e-08,3.477043965382844e-06,0.00017387663162766556,1.7005448800293104e-10,9.34156839446945e-06,1.6424502730938592e-10,8.667679517206899e-06,1.5533938692850724e-10,0.9997880575549536,1.4348434350372788e-10,1.803296272210341e-09,1.272254153981667e-10,1.6453026713686547e-05,9.229255644671328e-11,9.9577234149123e-10,3.168452175126585e-08,1.0707571238385013e-19,2.206994924553375e-28,4.54895558345074e-37
GHA,1.3,5.7,4.5,3.6,5.4,3.1,5,1.0539880946666401e-07,2.665373254637864e-07,5.457160846017899e-06,3.1110571599991373e-13,1.5980760540452594e-07,0.9986255130778252,1.517988011290533e-07,5.057286371027747e-07,1.4353582153987504e-07,8.812674751748809e-10,1.3254203222566544e-07,0.0011211193476309922,1.1747499450297962e-07,0.0002458468708035319,8.514466852518594e-08,7.42676809091699e-08,3.204249392524863e-07,9.85551678077523e-17,2.03137341136609e-25,4.186972665366335e-34
GIN,4.1,8.4,6.1,3.9,5.4,3.3,5,4.422640884775154e-07,5.5803181470104234e-18,1.0694314736748653e-13,2.5118622288888133e-30,3.40611902515748e-17,0.9999995577327391,3.166754978146204e-17,8.089167137244181e-17,2.993459600291591e-17,1.3284478728626614e-15,2.7630562273368245e-17,3.001099447852616e-12,2.4475919966161347e-17,6.26842866507135e-15,1.771866264905224e-17,5.206830605495505e-14,4.840863574509441e-15,2.0444826779877757e-26,4.2139928777240025e-35,8.685686684858886e-44
GMB,1.6,6.3,4.7,3.1,7.2,2.7,5,1.201646329419618e-16,1.272264064489523e-13,6.214004175652416e-12,1.3135650036742656e-22,3.5982227417186635e-15,0.9999988179700234,3.445898676721438e-15,4.741001391005399e-12,3.2584997126627204e-15,3.094195855942345e-20,3.0091366078866093e-15,1.1756072117454672e-06,2.667325441660923e-15,5.922066318984326e-09,1.9336534224702082e-15,1.0127273191406394e-16,4.895984699674499e-10,2.239434833758951e-24,4.6158192198117107e-33,9.513912505444943e-42
GNB,1.6,7.5,8.2,2.7,6.7,4.2,5,2.6758199292077345e-06,4.210945738070801e-08,2.1327442760438455e-07,2.39188297247284e-23,1.4287368540781818e-12,0.9999970687859657,1.3327490221743623e-12,2.6164696125817085e-19,1.2599423646809026e-12,2.2927379234497813e-12,1.163120495201569e-12,8.856272962773974e-13,1.0305120491613588e-12,3.6638234853146583e-16,7.463019263701285e-13,7.878141369088844e-14,1.0122828328490714e-15,8.620124948072584e-22,1.776740176251553e-30,3.662134450416341e-39
GNQ,2.9,6.4,8.2,3.0,4.2,2.0,5,1.005796047175347e-10,2.0989771554612592e-12,4.0894280118525957e-13,2.383364522633999e-15,4.412671297511061e-19,0.9999999959045951,4.135972482093687e-19,3.416131924386628e-16,3.9101296871526066e-19,3.6884574970344423e-23,3.609774743926858e-19,9.34760551299317e-25,3.1983712511776595e-19,5.189455217297642e-24,2.3165092314166597e-19,1.1378069176585004e-21,3.992314737414341e-09,2.676377902772024e-28,5.516426009290725e-37,1.1370201451974037e-45
GRC,2.0,1.0,3.7,6.0,1.0,4.2,13,4.017794057044489e-08,8.360816464983998e-05,1.95030934753598e-06,0.06373429934402743,2.6352499279917203e-09,3.2200065670661358e-06,2.5442725674714185e-09,0.00012350705021186184,2.405968897348417e-09,0.0023335688822491746,2.2219235462101666e-09,2.690442189081384e-09,1.969625236152239e-09,0.933719789618369,1.4280056243711773e-09,4.143605081405187e-10,1.36789153420175e-10,1.654262914801024e-18,3.409689999304748e-27,7.027894893465797e-36
GRD,0.0,2.7,4.9,1.7,2.0,1.1,3,2.7790471592458267e-05,1.619957732640406e-07,1.170973728652518e-07,0.9926874538241799,2.5967037561775514e-07,0.006831159340865131,2.451776045380751e-07,0.0004485340224981426,2.3180169819721247e-07,1.3900792286512373e-06,2.1401057010875215e-07,1.4525056921525933e-11,1.8963768809413924e-07,7.373709061713469e-09,1.3737795252219522e-07,6.817878526560323e-08,2.0399255808165654e-06,1.5880357566468048e-16,3.273185652363378e-25,6.74653846428873e-34
GTM,4.8,4.6,6.2,6.7,5.3,6.3,2,0.001143486916565546,0.0006701902294900954,0.9973776984255645,1.3033297699079746e-09,1.1563562570281877e-08,4.2270921599581826e-05,1.116400041879537e-08,0.0002729957545136876,1.0558481129388565e-08,0.0004849812444599622,9.752457357824364e-09,6.208365914283884e-09,8.647076279860396e-09,2.8663717142517186e-06,6.272371649749344e-09,1.8118301804741857e-07,5.263483429509771e-06,7.27572574494998e-18,1.4996388475081972e-26,3.090986042893872e-35
GUY,0.7,4.4,6.0,3.9,4.6,1.2,5,3.5275332280977203e-08,0.01572669235607119,1.328914199247239e-05,0.0005728860423424002,1.101262709463209e-06,0.9836695666832053,1.0516507763381457e-06,1.398849996469619e-08,9.944545795107827e-07,8.152748789933921e-08,9.183469910076429e-07,7.060971696449475e-06,8.140248886328682e-07,1.566818360525377e-09,5.901106130094911e-07,4.863049723958675e-06,3.9546271357624615e-08,6.834005254277482e-16,1.4085934685600055e-24,2.903327530268368e-33
HND,3.8,4.3,5.9,6.5,5.6,5.1,2,2.989332947489806e-05,0.0032109439270071156,0.9963541663957242,1.8915516048841903e-09,3.608306029927063e-09,0.0003798208041379703,3.4818202423694644e-09,2.2140162124904086e-06,3.293035424594169e-09,2.2550040186514786e-07,3.041727226206214e-09,2.5711516932993855e-10,2.6970618979967716e-09,2.13220402072811e-06,1.9565299192237317e-09,1.2380918312869262e-06,1.934550404159497e-05,2.269960321550282e-18,4.678736939559013e-27,9.643595591417923e-36
HRV,0.1,1.4,4.5,4.8,1.3,0.9,3,1.5241831807325701e-06,0.0008806057725456386,9.018680947737355e-09,0.9982199635440627,1.6334110825631548e-07,0.0008640485883573323,1.571123652343663e-07,3.085388057560811e-05,1.4856945969407424e-07,4.182932823939321e-07,1.372015672460034e-07,6.621975036345919e-08,1.2161872526664352e-07,1.5586082628576224e-06,8.81695554360871e-08,1.2623544255262953e-07,9.643077493120675e-09,1.0212200232265827e-16,2.104891350177896e-25,4.338504431262673e-34
HTI,5.3,6.8,7.7,7.0,7.4,5.0,2,8.053751421275033e-05,0.0005996649796679972,0.9993146901658022,1.184391566145913e-16,7.892157906754192e-09,4.199161088483633e-06,7.612254438887052e-09,1.2751114125128754e-12,7.1994377832709515e-09,3.1363178173631904e-12,6.649914992421381e-09,2.0697559981717473e-09,5.896279084960109e-09,1.7974814861007046e-11,4.277154091623772e-09,8.535746089750279e-07,1.2985278723735127e-08,4.961776309792006e-18,1.0226983214664735e-26,2.1079383499543417e-35
HUN,0.1,1.1,3.1,3.6,1.3,1.7,3,1.492615678003566e-06,0.00024053298777241565,2.055284498249997e-06,0.9994353404229667,2.2282187514085833e-06,5.1096387304880624e-05,2.140372359424029e-06,8.672575329227898e-07,2.024067504021252e-06,0.00011973317823020349,1.869289047045578e-06,1.4400773110061365e-07,1.6570969306712777e-06,0.00013566610056748752,1.2015191311351766e-06,1.531641040266653e-06,4.1955295270395387e-07,1.3922005998661081e-15,2.869539309573225e-24,5.914561342661944e-33
IDN,6.6,4.4,4.5,7.7,3.5,2.8,7,1.2842953156840915e-13,8.951882183719295e-05,0.00083934789802463,4.624081700721847e-13,2.470178555718899e-13,5.560695212026843e-09,2.3856823182420925e-13,0.9990397232158384,2.255966262579989e-13,2.4019640972240806e-06,2.0833546263519759e-13,6.95552612643454e-14,1.8467411706532649e-13,2.9002537599014155e-05,1.3388357524838294e-13,9.442964166557987e-15,1.8354975864470793e-18,1.5507282094783832e-22,3.1962890663804626e-31,6.588042787536838e-40
IND,7.0,4.9,3.6,7.7,4.6,5.2,2,3.2913586284718134e-08,9.871313751799605e-08,0.9587292841438627,1.4053411993527715e-19,1.2904483307730166e-13,1.6528143780326373e-08,1.2464932182874263e-13,0.04127040847519131,1.1788507050724633e-13,1.591450453714185e-07,1.0888159900549227e-13,1.2191528899134968e-15,9.653538013426634e-14,8.037798986486153e-11,7.001630194753623e-14,5.68535766933639e-15,1.0831643735853612e-15,8.119178925577194e-23,1.6734875053684394e-31,3.449314833798961e-40
IRL,0.0,1.2,2.6,2.2,0.4,2.2,3,4.7485044339481394e-08,1.7559150535248567e-10,1.7558411641615967e-09,0.9999947274810139,1.726586585019204e-08,5.35596367771019e-09,1.6417543085154315e-08,1.4930956280696553e-08,1.5523186662271648e-08,1.505937214569289e-07,1.4333379277567148e-08,3.930853021607986e-11,1.2702970727168539e-08,4.925942988465503e-06,9.205385585930383e-09,3.925592040531718e-08,1.535318930434888e-09,1.065038318831117e-17,2.1952075888893875e-26,4.5246600738479927e-35
IRN,6.1,3.3,5.4,6.7,2.3,6.8,7,2.7093204426242625e-08,3.211966712346761e-11,5.074774287555599e-07,4.8061393176305486e-08,8.201036993012449e-12,1.5108463911429385e-07,7.924341672386626e-12,0.9997699302694574,7.493243858779774e-12,0.00022521122792610758,6.919627995346997e-12,1.0529121127211406e-07,6.1334000938642115e-12,3.988407570150129e-06,4.446010389104818e-12,2.841358621098951e-13,3.1013648072811524e-08,5.1480363264443295e-21,1.0610893722680485e-29,2.1870682033833017e-38
IRQ,10.0,4.6,8.2,5.3,4.1,7.3,16,2.0755528086720751e-10,6.50521765357252e-23,6.104364046578266e-16,5.137562508095465e-22,1.8054747765350277e-16,1.7547190331649904e-14,1.7501796088151694e-16,0.0029572726992180367,1.655353880483732e-16,2.131049728600445e-17,1.529110577425909e-16,1.6960319349170286e-09,1.3559468179656287e-16,4.84399389993362e-15,9.838054308332949e-17,1.4767083024557552e-16,0.9970427253971698,1.1418987378275731e-25,2.3536287199343964e-34,4.8511903619726195e-43
ISL,0.0,1.5,2.3,2.2,0.2,1.2,3,9.796535156936388e-07,2.2134064733536985e-12,3.9855450563512126e-10,0.9999968485795908,1.8079095925582166e-09,6.489486167132094e-09,1.7142509459172936e-09,3.528351513220898e-08,1.6207879214796507e-09,1.4434366377056803e-07,1.496463279041673e-09,3.405704443338226e-12,1.3261254941270839e-09,1.922464324548434e-06,9.608143833556149e-10,5.188476599617305e-08,1.9706128158630156e-09,1.1110850015348753e-18,2.2901168757439896e-27,4.7202826942515554e-36
ISR,4.6,0.9,3.1,4.6,0.6,3.2,9,2.1787642368038515e-07,1.87978463797547e-08,2.0261448938469802e-05,7.145352067759301e-06,1.2877889264604253e-07,1.0696418007418532e-07,1.2425746455296155e-07,0.0005305291019630715,1.1751081172656672e-07,0.9994341470743231,1.085314186375774e-07,1.1130109192372729e-07,9.621943456346882e-08,6.776196761503948e-06,6.977863748820278e-08,2.494619688138406e-08,1.5863547776589287e-08,8.089021038124261e-17,1.6672715014709392e-25,3.4365026948484518e-34
ITA,0.6,0.8,3.4,5.2,0.7,4.0,13,3.009211227625808e-10,0.00010929013442582711,7.539302290921886e-09,0.3336086426277341,1.073830587942088e-09,1.9494321689581062e-06,1.035812153401068e-09,4.466132389317642e-06,9.795105344020932e-10,0.0012426034866563213,9.04587378317109e-10,3.0648296892598124e-08,8.018777804108223e-10,0.6650330041675587,5.813816198325921e-10,1.2821656521168684e-10,2.5329663098916785e-11,6.735252290212669e-19,1.3882389655997403e-27,2.8613737727587822e-36
JAM,1.5,3.1,4.1,5.4,3.7,0.7,1,5.872122932660449e-08,0.9173571732462367,1.2064706681173343e-06,0.007631449322523391,2.3981715488462673e-08,0.07354241569808351,2.313171556718936e-08,0.00021003864136561883,2.18766390062295e-08,1.3722472294464969e-10,2.0206050532349836e-08,2.8296700814176935e-08,1.7915152904437936e-08,0.0012574824269729428,1.2994164100795703e-08,1.2690879180546228e-08,1.4242678095758673e-08,1.5069587619517328e-17,3.10607351106342e-26,6.402094668894458e-35
JOR,2.9,2.7,5.6,4.2,4.0,7.8,9,2.2009875927363194e-18,5.670682834581394e-12,7.644594712401503e-10,8.349454059268708e-07,3.861578944970453e-17,8.470092293063368e-06,3.742552509831897e-17,7.344083063450767e-07,3.539849736901628e-17,0.9999857004075486,3.269975032216337e-17,4.340511202504451e-11,2.8997733290381155e-17,4.259332909157821e-06,2.1040914483096242e-17,5.253132206268965e-16,5.710868505692473e-16,2.442713583677728e-26,5.034807951585019e-35,1.037751264770121e-43
JPN,0.9,0.8,2.1,8.1,0.4,2.5,13,8.413586010684125e-10,0.0019506303994502809,3.0043542124766304e-16,5.0680813175822695e-05,1.0273983634926998e-17,1.3488973682889479e-08,9.934273102918164e-18,6.306033145947343e-08,9.392510698433175e-18,1.2364439221080052e-10,8.67188067304192e-18,1.574200179350248e-20,7.684585311651006e-18,0.9979986112730651,5.567375681327396e-18,1.1119257985626616e-19,2.179868641743883e-20,6.437113363153476e-27,1.326787952646986e-35,2.7347137948086216e-44
KAZ,0.4,2.4,4.9,4.0,1.1,0.3,3,6.835611939665978e-07,2.2537306847041135e-06,3.1370947510366336e-11,0.9897246607261375,4.027506531371704e-09,0.007951348988076064,3.843229292668076e-09,0.002310956204550048,3.6337476467123656e-09,6.607526143460477e-07,3.35508479887094e-09,5.605240163072268e-11,2.9732688263241615e-09,9.790139130750865e-10,2.1543433525839783e-09,6.09696040889062e-10,9.414373429904624e-06,2.4916674969629946e-18,5.1357094872633865e-27,1.058548621347455e-35
KEN,6.5,7.1,5.2,5.1,5.4,6.4,11,0.004832554617719711,8.450768894453404e-11,8.6461493497604e-06,1.6672660067299545e-24,3.0797001116371024e-09,0.010219292885963353,2.9449093241225393e-09,2.522598041783873e-07,2.784776686444393e-09,8.8450223180308e-09,2.571691953137091e-09,0.9849391662725616,2.2796020366039445e-09,4.1622440373737974e-10,1.6526260306427003e-09,6.313255429309815e-08,2.2986761123052768e-11,1.914119088265203e-18,3.9452934925520155e-27,8.131855973764253e-36
KGZ,4.7,3.5,5.3,5.2,4.0,1.0,1,3.5705703999578805e-12,0.999528180650438,1.0908025009914166e-10,9.556005959853658e-08,3.214187857746586e-11,1.7607482144778048e-06,3.10050150527167e-11,0.000451827761169992,2.9322651464092385e-11,3.696494098050072e-10,2.7083333768395126e-11,1.1164705189062635e-09,2.401256380499357e-11,1.813342318446102e-05,1.7416489262535832e-11,9.569964383277797e-11,1.4811807708058106e-12,2.0197539541344784e-20,4.1630231790002414e-29,8.580630305699588e-38
KHM,3.2,5.3,7.0,5.8,5.7,1.6,1,3.725825928960626e-10,0.9957156602367603,3.82593651302424e-05,1.187531332745257e-05,2.164604047357771e-08,0.004233126242328666,2.0831300291284353e-08,1.0552228095923297e-10,1.970052597633348e-08,1.144235489609429e-13,1.8195483303457124e-08,2.836763558893894e-08,1.6131770720305107e-08,1.6679676206954636e-09,1.1699453583101266e-08,9.400850405363262e-07,3.9015940841754844e-11,1.3564438684392958e-17,2.795839193068324e-26,5.762654080553672e-35
KIR,0.0,5.1,5.5,3.8,5.6,2.5,5,3.9270482829907114e-11,3.3797355645187774e-05,1.6423148143526667e-05,7.219329175023029e-11,4.4802184510374957e-08,0.999863684608695,4.270750562834936e-08,3.7048824310853373e-10,4.03845410167134e-08,1.4909832925394015e-08,3.729355093131488e-08,8.571399859594663e-05,3.30567491646843e-08,8.29803210078377e-09,2.3963283731372747e-08,5.3417720569815626e-08,8.157356746835415e-08,2.7750018756435442e-17,5.719705168248762e-26,1.178919102682703e-34
KNA,0.0,1.8,4.0,2.8,1.7,1.0,3,1.342623512072639e-06,8.016368833044241e-06,9.44815239390818e-08,0.9997520267003853,1.043957478147141e-06,0.0001953006662865286,9.972839824819064e-07,9.926321954663561e-06,9.430185522156933e-07,2.6590088926004477e-05,8.708154147983042e-07,2.6736887445507434e-08,7.718538705659415e-07,2.79452780897314e-07,5.594790989411355e-07,8.238811018754871e-07,3.862694101350612e-07,6.477421014878373e-16,1.3350959788854663e-24,2.7518379131853752e-33
KOR,1.8,0.9,2.6,5.9,0.4,2.1,13,1.7773390748385006e-06,0.00036889608922410647,5.443005051080181e-07,0.029010008393104046,1.0335064773552603e-08,1.1797898400006396e-06,9.971852723297889e-09,2.518292481561941e-05,9.429355159954087e-09,0.001965764110061685,8.707513666878643e-09,2.6594057511995757e-10,7.718123900927478e-09,0.9686265919589632,5.594726624885559e-09,3.03883112247903e-09,3.300309196922833e-11,6.478056457099411e-18,1.3352269532892017e-26,2.7521078715521207e-35
KWT,0.5,1.2,5.6,1.5,1.9,1.1,3,4.514970106636862e-09,2.7265008340595317e-11,5.478475778898425e-11,0.9811610089098163,1.768641877238587e-10,0.018834658916662975,1.6930447094368772e-10,3.835160192407057e-06,1.6009052487002022e-10,4.605354747387935e-07,1.4783113510634475e-10,5.510119707647469e-11,1.310289357549087e-10,7.47896444938917e-13,9.497284606502583e-11,3.077536795814376e-08,1.695241338696944e-10,1.0994453610980246e-19,2.2661257886965007e-28,4.670833378277441e-37
LAO,2.7,5.3,6.3,4.9,5.2,2.5,5,2.4036269084396744e-05,0.48076803805682344,0.0035883438903573563,2.024240253748923e-06,2.5094286406916105e-05,0.5151204384138506,2.404559120350693e-05,6.444972438365072e-07,2.2738893775776322e-05,3.8411091185634834e-07,2.099995802281465e-05,0.00030581781704361246,1.861601090641593e-05,2.015004454764226e-06,1.349778250927895e-05,6.12023435713548e-05,2.062833564710783e-06,1.5639223895688337e-14,3.223484298470265e-23,6.644096338671701e-32
LBN,5.5,2.4,5.7,5.3,3.6,7.8,9,3.937212409779162e-10,1.5590906016550246e-14,5.432863590013265e-09,3.0229555060748734e-09,1.6134955642501775e-14,1.7291398611382052e-09,1.559442141191893e-14,8.408906472621824e-05,1.4749243346094472e-14,0.9999158618298016,1.36240887965708e-14,2.0839224832646956e-12,1.2080839195069687e-14,3.4333666208141255e-08,8.764626263866539e-15,1.828751004950695e-12,4.189116682106829e-09,1.0171203147419654e-23,2.0964412211886016e-32,4.3210874172862075e-41
LBR,2.2,7.9,7.3,4.0,7.6,4.3,5,5.604350417743242e-08,1.0018511208056651e-07,8.264102965342894e-06,1.1844337267318705e-25,2.5672026256168513e-09,0.9999733445930402,2.426950919451624e-09,1.3866393196331296e-17,2.294749984033607e-09,2.484517624152208e-10,2.1188748797120518e-09,1.8221637049217042e-05,1.8778680521607182e-09,1.9209691954623493e-12,1.3608440457510264e-09,5.375619503648476e-10,3.904000163129078e-12,1.5745238394991029e-18,3.2453355153918324e-27,6.689135053584369e-36
LBY,10.0,3.8,8.4,3.7,2.6,5.8,16,3.141782809397123e-24,5.078636182698485e-35,6.175214113353634e-28,3.052886128065006e-25,2.4060569170660032e-26,5.6733314387704023e-14,2.3447103138300472e-26,0.0004949826626422886,2.2178503708774597e-26,7.759307555342837e-34,2.048927573515375e-26,1.1804570424169372e-16,1.8171627345711943e-26,4.402911657481252e-21,1.3188530616773994e-26,6.610054990937084e-29,0.9995050173373018,1.532048795761979e-35,3.157787925144703e-44,6.508686020810477e-53
LCA,0.0,2.7,4.9,2.6,2.8,0.8,3,8.886930954547481e-07,0.00021656133402952294,7.147652632996694e-07,0.947473337765143,1.948449422274591e-06,0.05226367031864778,1.856844095866255e-06,1.2176614285060054e-05,1.7557598082146927e-06,1.9202495153095165e-05,1.6212700628006866e-06,1.7494366682840144e-07,1.4369542832738102e-06,1.832406229511404e-08,1.0414677994525071e-06,3.13953267555178e-06,4.5446850479718923e-07,1.2054334433203778e-15,2.4845835083035786e-24,5.12110829839557e-33
LIE,0.0,0.7,1.5,1.3,0.0,1.3,3,2.120588979252301e-09,6.9366125443148625e-15,2.130114558313751e-11,0.9999999977318828,4.91032906808328e-12,4.668087022133012e-11,4.673511583194565e-12,6.063605750298958e-13,4.4190610962415726e-12,1.1204041799023458e-11,4.080527464109522e-12,2.060505245056726e-15,3.6165833073582278e-12,3.246670800327279e-11,2.621137314126588e-12,1.0868303733955832e-11,7.1038707777705e-14,3.033589491155885e-21,6.2526939686749656e-30,1.2887762823545664e-38
LKA,2.9,3.3,4.7,5.2,2.6,3.4,7,0.005781849439465601,0.05593332406063759,0.0028003986167500945,0.1372190945584001,0.00014836119966067256,0.017682761456638812,0.00014251086040722132,0.5591441705283408,0.00013476012383260727,0.0381153295547723,0.0001244466752824176,0.0012678894930792184,0.00011030983262087984,0.1809420948808661,7.996686161488147e-05,0.0001351551439167167,0.00023757671362126346,9.260874463778142e-14,1.908808494794064e-22,3.9343475435897984e-31
LSO,2.1,6.2,7.4,2.2,6.8,2.5,5,5.524445012254158e-10,5.067389171486813e-06,1.6981290243853806e-08,6.87318471573359e-14,1.3581608511016548e-10,0.9999946957351609,1.2886470108368685e-10,3.187442333453206e-15,1.2183695031125863e-10,4.4200034479184135e-10,1.1248896060471548e-10,2.1292131628238457e-07,9.968185790767465e-11,1.1650056349242417e-10,7.221782965057935e-11,5.190280286926298e-09,8.570864225163019e-13,8.349907175434219e-20,1.7210441421617652e-28,3.5473363679966344e-37
LTU,0.0,1.0,3.6,1.7,1.1,1.2,3,1.1104976304039989e-07,4.629753091289515e-09,1.4832709669830007e-09,0.9999881427293398,2.920416578105964e-08,6.944046044354586e-06,2.7882233887554533e-08,4.4516540250252305e-07,2.6364607095162552e-08,4.182739786725215e-06,2.434540401751583e-08,7.746619293304982e-11,2.1578040386145935e-08,1.5365485731811237e-09,1.5639786554132664e-08,1.3700265868306903e-08,7.828121393682108e-09,1.8103815041992164e-17,3.731474395369166e-26,7.691141967058769e-35
LUX,0.0,0.7,1.8,0.7,0.5,2.0,3,6.922672225671683e-11,3.6255946469901545e-14,1.385528812002738e-12,0.9999999997767697,1.2915604679420306e-12,1.446764384835459e-10,1.2286293444412475e-12,2.62733646345787e-13,1.1617148584562475e-12,3.5466018854430894e-13,1.0726923067704096e-12,2.8190643099040543e-16,9.50698264475413e-13,6.655213450034916e-13,6.88973629671737e-13,2.1562430701130114e-13,1.217242423424079e-14,7.972359019497831e-22,1.6432256672381885e-30,3.3869405365149924e-39
LVA,0.1,1.4,3.7,2.0,1.3,1.0,3,3.84434581276952e-07,3.6083502881188374e-08,4.4894649232973e-09,0.9999753995543212,7.979102833177214e-08,1.634565307319717e-05,7.612740057597219e-08,2.2274745544154456e-06,7.198350039072951e-08,5.123396050377067e-06,6.647009216881383e-08,3.006171658457526e-10,5.891393901220071e-08,9.680784606879297e-09,4.2700203992087896e-08,3.742581964900821e-08,3.5521065480734113e-08,4.942549606901464e-17,1.0187354026328112e-25,2.0997701654448865e-34
MAR,4.1,3.9,5.6,4.9,4.5,1.7,1,2.23107648891362e-08,0.9997488763334013,1.2992275773297227e-07,1.6812150113441326e-06,2.1601308981340356e-08,0.0001408067796407101,2.0811161980117072e-08,7.251980202769522e-05,1.968159900916577e-08,7.799537879237788e-09,1.8178147679239125e-08,5.619117224804497e-07,1.6116578129807477e-08,3.489240437354258e-05,1.1688711005158303e-08,3.7985074496196944e-07,1.359251082511918e-08,1.3552830464560483e-17,2.7934465606327654e-26,5.757722497541951e-35
MDA,1.7,2.3,6.3,4.1,2.7,1.2,3,2.0366383678803785e-08,5.199274074257312e-06,2.4477903840186547e-07,0.9869403024059574,1.3869054602669192e-08,0.013048967304030674,1.3341434960995736e-08,1.4669448276703122e-06,1.261670898885405e-08,3.096573418313607e-10,1.1652202958449265e-08,3.216953106467547e-08,1.0329846036618144e-08,5.504891093598597e-10,7.490440833963466e-09,3.692986775458798e-06,3.6095464948253077e-09,8.680789480240463e-18,1.7892440682816147e-26,3.687906892768654e-35
MDG,0.6,8.1,6.1,6.1,6.1,3.9,5,2.232140224126579e-07,1.0583654785883923e-10,1.2643236956532039e-23,1.774132936239068e-28,3.8072813022529705e-17,0.9999997686471681,3.56497696679612e-17,5.0809210734906e-15,3.369920345195269e-17,6.0760700117805906e-09,3.110578895312491e-17,1.956762721427477e-09,2.755482802462349e-17,1.557432468033751e-20,1.9948254815087647e-17,4.705468050464507e-17,1.3532145456395775e-13,2.3019553471349204e-26,4.744683602413294e-35,9.779521794447603e-44
MDV,0.2,1.5,6.1,3.2,2.8,0.8,3,9.897658819602847e-10,6.377963271451417e-08,5.8772019072881906e-08,0.5438458747262007,6.605727135589233e-10,0.456020351022649,6.352516681347207e-10,1.4537805602262287e-09,6.007392024493702e-10,8.007653723301362e-09,5.548089062748724e-10,1.8751322081602773e-07,4.918391063846947e-10,7.596303267731661e-13,3.5663447629562526e-10,0.00013345042860094729,5.870586108270588e-12,4.1327595879935513e-19,8.518252395455869e-28,1.755742678175538e-36
MEX,9.0,3.0,5.7,6.8,3.3,4.1,7,1.7679857158892207e-12,7.48198097727987e-08,2.434829905505088e-09,5.8543193754524865e-21,2.694950919399882e-13,2.0798168778921238e-16,2.582790527699479e-13,0.9999990319028355,2.4424269112680315e-13,8.897451404019577e-07,2.2556343724867625e-13,1.3412827572824179e-14,1.9995589797789183e-13,7.765888954176335e-10,1.449787351746349e-13,4.882874802570971e-13,3.171832142047066e-10,1.6797409270819126e-22,3.4622040966105533e-31,7.136134515356845e-40
MHL,0.0,4.2,7.7,3.6,5.3,2.2,5,6.150011893668067e-13,3.7874167944478386e-08,0.0002487436969292585,8.863102513964417e-06,4.1960555357059386e-12,0.9997417705453508,4.017469705892172e-12,2.7137486169653055e-16,3.799164581484106e-12,3.488861708253077e-10,3.5086444100109756e-12,8.075335452417702e-08,3.1103588290987468e-12,1.3639624359960095e-17,2.2552389218521365e-12,5.036572942669726e-07,2.1376491333447716e-16,2.6131330836105715e-21,5.3860687211943704e-30,1.1101515055402885e-38
MKD,1.8,2.3,4.7,3.7,2.3,1.0,3,2.2743258198628264e-06,0.002040443828926443,6.221467772453599e-07,0.9919256740070773,2.663302786249054e-06,0.004860926503183777,2.5580484104852783e-06,0.0011025218125507964,2.4190315336022413e-06,3.78486509717225e-05,2.2340307815100158e-06,1.1967650517409614e-06,1.980411000641034e-06,9.567005490541476e-06,1.4359085275162823e-06,4.489777704920983e-06,1.1444434042770745e-06,1.6636728408920942e-15,3.429085302554804e-24,7.06787159301798e-33
MLI,8.0,7.3,5.9,3.7,7.0,5.1,11,1.4213042246754212e-05,8.102561809543623e-08,6.01618508308643e-14,3.1029711799239465e-31,2.2325746647377117e-12,1.0521220819474859e-05,2.151637964751381e-12,7.912081108163187e-08,2.034915729934927e-12,3.688339558282533e-13,1.8795471165101796e-12,0.9999751055248622,1.6664813626642123e-12,5.305222854488088e-11,1.2087759154068073e-12,6.900334831373349e-14,9.182778603230939e-13,1.4019902117859488e-21,2.889717203647385e-30,5.956151082126075e-39
MLT,0.0,0.7,3.8,2.5,0.8,3.2,3,2.166040855502686e-10,3.022117826334221e-09,2.9310055437563162e-08,0.9999083184574662,2.426139102336138e-08,1.1275777330015355e-06,2.3233347372111015e-08,8.389848188350652e-07,2.1970012651266016e-08,6.316282282912766e-05,2.02889219365891e-08,5.275076392228871e-09,1.7984533541266612e-08,2.6382630800945867e-05,1.3038119008114166e-08,1.0586587122839146e-08,3.3958579877229054e-10,1.5101135211244187e-17,3.1125759543555023e-26,6.415497203440694e-35
MMR,7.0,5.4,7.1,7.8,5.3,5.3,2,0.00020501733495903205,0.00036692139688708367,0.999286654822944,1.4925058354405421e-12,3.286031045696599e-09,3.1921246019722275e-09,3.1668805500965037e-09,0.00014132211564757267,2.994815189611745e-09,7.377477965798632e-10,2.7658273417259904e-09,8.336173678574521e-12,2.451892353067252e-09,7.361781332822724e-09,1.7778479449149822e-09,7.555383292908721e-09,4.902940242793434e-08,2.0601223222994577e-18,4.246228587271527e-27,8.752129434364765e-36
MNE,0.1,1.8,4.6,4.2,1.7,1.1,3,1.692215140645983e-06,0.0004525650503275509,8.413902969158176e-08,0.9984091566689673,7.176060415218366e-07,0.0011023131931140722,6.885376790048696e-07,2.522160094013007e-05,6.510958763323429e-07,3.6465218953756405e-06,6.012732608040523e-07,2.1544663680990277e-07,5.329785550349539e-07,5.927234454126086e-07,3.863851229759836e-07,8.233995706674583e-07,1.1116439603205486e-07,4.47508612681153e-16,9.223839980991242e-25,1.9011751189630717e-33
MNG,0.2,4.4,5.5,2.7,4.2,1.6,5,2.6123017185607193e-06,0.0006096563321443348,1.8895347594117553e-05,7.598579983032578e-05,4.847219325830391e-06,0.9992536690403042,4.5865360495853996e-06,8.246226377406384e-07,4.336531628958949e-06,8.381116406732306e-06,4.003964894135863e-06,2.014473507868207e-06,3.5482940719316204e-06,1.0143238406359502e-07,2.5709736027500343e-06,3.383520999207661e-06,5.824928967014442e-07,2.9734894361209795e-15,6.128818522526297e-24,1.2632436498985095e-32
MOZ,4.6,8.1,4.7,6.0,7.6,5.8,5,1.5825727932345906e-09,3.7518935661516845e-15,1.835508208562008e-06,3.9538492663245705e-33,6.823616343669161e-13,0.9999750473167577,6.564932545026435e-13,3.2770790362509154e-09,6.208825082403168e-13,2.2115838971289096e-16,5.734806690075163e-13,2.311225809245282e-05,5.084749478537546e-13,5.028343113647999e-11,3.688268442156018e-13,1.066745127408449e-13,3.4853666961811695e-12,4.278012896221187e-22,8.817641777889863e-31,1.817451429187953e-39
MRT,3.5,7.1,5.9,5.6,5.9,6.4,5,0.0006948709614613356,1.2801401129173409e-05,1.2570067955720684e-08,7.983699020591212e-21,1.2424648322207002e-09,0.9951464360854889,1.1832822120190426e-09,4.2839222641030996e-08,1.1188585031986395e-09,4.743058784679665e-06,1.0331459199207901e-09,0.004141079018079929,9.156808009569231e-10,6.617023387963485e-09,6.636452794121604e-10,6.396509215889661e-10,6.520139833737771e-10,7.680769002018993e-19,1.5831244851593176e-27,3.263062767360249e-36
MUS,0.1,2.0,3.7,3.8,2.2,0.6,3,1.4593409747236814e-06,0.004277338810128329,3.200696175958578e-07,0.9919204107079628,1.4090724695076363e-06,0.003755294605808194,1.3525811931408517e-06,1.6365262595614832e-05,1.279077553873004e-06,5.29756631685376e-06,1.1812600521740142e-06,4.884316865103848e-07,1.0471601108625398e-06,1.4489205434112382e-05,7.592547910020806e-07,9.97799401976925e-07,5.097939018865212e-07,8.797042461871244e-16,1.8132055937018453e-24,3.73729527768776e-33
MWI,1.0,7.7,5.3,4.5,7.0,5.0,5,2.6776215112955153e-12,3.2493107994266742e-12,9.843203188144703e-12,8.657841881095168e-30,2.253332525932157e-12,0.9999483525334926,2.1249241935868285e-12,7.421790357765028e-13,2.00911732960066e-12,1.683533294941208e-12,1.8550626366427693e-12,5.164697976018737e-05,1.643976211558947e-12,4.519308762174445e-10,1.1912144091723482e-12,4.103700813187841e-13,5.132006716312103e-12,1.3778515942320705e-21,2.8399638046265462e-30,5.853601683505552e-39
MYS,2.4,2.6,3.5,4.9,2.0,4.0,13,9.948806772195164e-05,0.003017336474564908,0.00040045456543519884,0.20730350849548018,1.4122816781074587e-05,0.0004033998684960774,1.3570485589512543e-05,0.00759037026956866,1.28326356979194e-05,0.07899581495005958,1.1850785288104114e-05,0.00011980660648219073,1.0504875123407696e-05,0.701977641015677,7.615777852176687e-06,1.888321226396316e-05,2.7990979087747082e-06,8.821223736377699e-15,1.8181897258556118e-23,3.7475683397312176e-32
NAM,0.4,5.5,4.5,4.1,5.7,3.5,5,1.0162576460328455e-11,3.332667793729034e-07,1.4810359738530113e-06,1.4913896894601107e-14,4.667339553319198e-09,0.9998819350997806,4.4515364030436245e-09,3.248930452255863e-08,4.209493246778071e-09,1.0361292947200282e-10,3.887409647520035e-09,0.00011001558358469645,3.445902882103013e-09,5.206547170253706e-06,2.498183044360032e-09,7.466162612866933e-10,9.71957135140711e-07,2.8935678947839153e-18,5.964087948099295e-27,1.229290147877775e-35
NER,6.8,8.8,5.9,4.3,7.4,6.1,11,0.00032809116477872796,1.9320122317651965e-14,1.0375333145904409e-08,9.381743772431713e-39,1.4134216453904564e-11,0.018909003864485536,1.3469336616822532e-11,1.2220890384690248e-13,1.2737158983457657e-11,3.9351436608119724e-16,1.1762826231978054e-11,0.9807628945007637,1.0427164517615898e-11,5.965284982883214e-12,7.559843940632014e-12,1.8440820956634706e-11,5.723673299233651e-16,8.75768442214808e-21,1.8050932970867698e-29,3.720574588133287e-38
NGA,10.0,7.6,5.0,3.9,5.6,6.4,11,9.739899527186002e-12,4.172129671527976e-21,3.1319798798913763e-15,1.1018229141363093e-41,2.3878568236739746e-19,4.809949591407323e-08,2.3013543749074953e-19,4.139808296052733e-12,2.1766609749962714e-19,2.4799793779538483e-19,2.0106551452768174e-19,0.9999999518866212,1.7829520552535905e-19,1.0318744109573314e-22,1.29360789530208e-19,8.986158535974035e-19,3.8510072293769796e-24,1.5014538882959838e-28,3.0947271207896827e-37,6.378708015480304e-46
NIC,8.0,4.6,5.8,6.6,5.2,1.6,1,3.1290498630419085e-21,0.9995398469572031,3.721239156013212e-16,5.0372003147191235e-21,5.828349823717524e-19,7.254659279774144e-15,5.615230771819512e-19,0.0004600547401911732,5.310662743474909e-19,1.5690809451698901e-15,4.90524470760367e-19,7.413072351941208e-17,4.349256324340553e-19,9.830259673733597e-08,3.1548269159897616e-19,1.9388377945014548e-19,1.2328451942590033e-21,3.6594413013760145e-28,7.542670694436944e-37,1.554660302471356e-45
NLD,0.0,0.8,1.7,2.0,0.2,3.7,3,3.776572541338382e-14,4.089854153832123e-12,1.9624379722706312e-11,0.9999996627395169,1.4990486232992122e-11,4.530510953211723e-12,1.4276659747880488e-11,6.202080112159907e-14,1.349951565205503e-11,1.0293697971179977e-11,1.2465537253380012e-11,8.837753579079953e-14,1.1048468897774664e-11,3.3711621731759133e-07,8.007787784261505e-12,3.1246024732381185e-11,4.9612839626451036e-15,9.268940604105182e-21,1.9104710502283124e-29,3.937774325745607e-38
NOR,0.0,1.3,1.8,0.3,0.2,3.6,3,7.191977441623078e-14,9.520381494310038e-18,1.3332905120315539e-14,0.9999999995028901,1.9389322914296736e-14,6.486502004362549e-14,1.8200989630402935e-14,1.1169443662937239e-14,1.720706135095321e-14,1.2551896950257478e-19,1.5885220275849482e-14,1.8147320960290833e-19,1.407468671642876e-14,4.96680579783233e-10,1.0193819833463281e-14,1.7303945226830496e-13,5.873905388957484e-19,1.1776943435330824e-23,2.427408962288712e-32,5.00326277576575e-41
NPL,5.6,5.3,6.2,5.7,5.9,3.3,1,5.1492893571458695e-06,0.9997756944383525,0.00015174300729317843,1.4731921356262616e-12,1.4773055707760862e-07,1.0291823415623443e-05,1.4237230629423436e-07,2.347699072970612e-05,1.3464811473884672e-07,4.664491852369163e-09,1.2436660413705214e-07,2.1664614177627604e-06,1.10267243301703e-07,2.7135101120509776e-05,7.998014970168882e-08,2.8381559688776512e-06,7.607014043172509e-07,9.275901072391975e-17,1.9119057096750302e-25,3.940731379261122e-34
NRU,0.0,3.1,7.0,2.8,5.2,4.0,5,1.1350306356835278e-17,1.6004696175572554e-12,2.279414688398734e-05,2.8487535916963915e-07,5.332640312016015e-16,0.9990690562546566,5.133775959275312e-16,3.2620605374381315e-14,4.854886994969002e-16,0.0009075885761762223,4.483728479943701e-16,2.3543058868077332e-07,3.9748676221334847e-16,1.3853122206387067e-12,2.8822451143306366e-16,4.071331422243512e-08,6.40070142912631e-18,3.3401697133878603e-25,6.884602904305621e-34,1.419022421527305e-42
NZL,0.0,1.5,2.0,4.4,0.5,1.1,3,2.835205746352864e-06,5.167787787891176e-07,4.869817431069487e-10,0.9708320574785618,5.45049985455468e-09,4.971097860461325e-07,5.225376027198673e-09,8.108097786610866e-07,4.94091412223136e-09,0.0001210352990163595,4.5624454501360186e-09,3.478881614810979e-09,4.043760475732989e-09,0.029042144240897107,2.9308162443086504e-09,7.029843228639104e-08,1.659326691178676e-09,3.3922383696391423e-18,6.991924403743273e-27,1.4411430312604901e-35
OMN,0.1,2.2,4.7,5.2,1.7,1.0,3,2.89245430783948e-06,0.00809611598511395,3.113598095431368e-10,0.9897087232898496,3.86415215454704e-08,0.0020744771073444336,3.7102047439356806e-08,0.00011672550313897649,3.508282478894943e-08,3.867473586393775e-07,3.2396205099309475e-08,4.693610603425693e-08,2.8714052049559506e-08,4.1069279618937027e-07,2.0812519463089517e-08,1.0940886038835852e-08,1.7282568051616674e-08,2.4093137210054654e-17,4.965965703632691e-26,1.0235618198957398e-34
PAK,8.0,5.9,5.3,7.4,5.4,6.2,2,5.1725370469707304e-05,1.5505997166487456e-06,0.9887312731444002,6.4841748208962015e-22,9.534114833299697e-10,4.052337820817401e-09,9.20131475542598e-10,0.011167255004291641,8.701837958299446e-10,4.8185316731865575e-05,8.037043513050323e-10,1.3544595649084625e-09,7.125480521927714e-10,1.6294410685442474e-11,5.167689470525212e-10,1.0589565142914112e-10,2.5865403458581207e-10,5.9914146571891e-19,1.2349226024197221e-27,2.545365195410904e-36
PAN,0.1,3.1,5.0,6.2,2.7,2.9,1,2.0518322063484386e-06,0.9567971579807498,2.96174871370662e-11,0.02776017810409185,5.714714539326363e-10,0.015221350938501507,5.493984468200478e-10,0.0002148254970100847,5.195012819943721e-10,1.8759191277868264e-06,4.797219147971563e-10,7.317160898976101e-07,4.25201206928601e-10,1.8244161166506065e-06,3.082013166637731e-10,6.262153991890515e-11,6.503709338132536e-10,3.568034127412919e-19,7.354266466689205e-28,1.5158272968208333e-36
PER,2.0,4.1,4.8,7.1,3.6,4.8,1,4.449064027971764e-06,0.9757814611552938,5.880602510357406e-09,6.535671537567161e-05,1.2277365995944905e-10,0.013721575263808357,1.1832825041273707e-10,0.010095150755054919,1.118906202442581e-10,0.00015734030663028985,1.0332481937510082e-10,7.484488758934645e-08,9.158420843170876e-11,0.00017458481470314187,6.638717759893441e-11,9.053609845342361e-12,5.762729462783447e-10,7.686715766138622e-20,1.5843502046008105e-28,3.2655891634271544e-37
PHL,7.0,3.4,4.7,8.4,4.0,5.4,2,8.661446139823532e-06,2.70159930148768e-05,0.9749757524892527,9.669160253423588e-16,5.361124339860072e-13,1.1483199729233032e-12,5.134212281649189e-13,0.024988415840404912,4.854960777327905e-13,1.4000992806143276e-07,4.4833803849135407e-13,2.701590510211672e-22,3.9740537722989635e-13,1.4211531223616759e-08,2.8808700227156865e-13,1.252276493604786e-13,5.7852471826590234e-12,3.3361871625647337e-22,6.876394255244276e-31,1.4173304928524916e-39
PLW,0.0,2.2,5.7,3.2,3.1,1.0,3,1.3913689467335098e-08,4.894783741212927e-05,1.9330134459001296e-06,0.6985140410510683,7.915924771656214e-08,0.30137806108230203,7.59197004606239e-08,3.4696826052277835e-08,7.179306326864916e-08,6.160665508104042e-07,6.630156119933583e-08,1.2563565581617932e-06,5.8773455490067894e-08,9.217769874299784e-11,4.2612202325350334e-08,5.469959298277204e-05,1.7377562564473454e-09,4.936575978712995e-17,1.0175041460958495e-25,2.0972323565735743e-34
PNG,3.2,7.8,6.8,6.7,5.7,4.5,5,0.00015231367812487695,1.995928081704169e-07,1.0077202134390779e-15,5.354760345823823e-22,7.108413636007921e-15,0.9998474815485635,6.742674966860385e-15,3.617751975340117e-13,6.374437913355404e-15,2.221279881878715e-09,5.8847185536925965e-15,2.954501068420095e-09,5.213956455117996e-15,9.568127691290314e-19,3.776220061997833e-15,2.562785366878281e-15,4.322344687861708e-12,4.362443328602297e-24,8.99166586939436e-33,1.8533204678475922e-41
POL,0.1,1.3,4.1,2.2,0.8,2.0,3,3.3048069093439036e-07,1.243974591721743e-09,1.0686256699063277e-08,0.9999554407577147,1.1170510058951168e-07,5.038253241163633e-06,1.0638087137992194e-07,3.577470889111335e-05,1.0058749482283174e-07,2.219195403732895e-06,9.287995433982757e-08,2.7920089460143133e-10,8.231761666207113e-08,4.4908472815874625e-07,5.965676169046054e-08,4.2730413771657605e-08,1.3905168435862018e-07,6.903388463740847e-17,1.422894413910906e-25,2.932803975582678e-34
PRK,4.3,3.0,8.5,5.1,5.8,3.3,15,1.5190943430326185e-10,8.623924473352461e-17,2.8306321907104816e-13,3.309250292315149e-09,8.781852906948841e-20,1.0273060219264573e-08,8.427514530289206e-20,4.982459791091127e-19,7.96957352809622e-20,9.629999154093637e-18,7.360146065015529e-20,1.4900049993157977e-13,6.524657510293576e-20,9.396737693949527e-14,4.730860341966448e-20,0.9999999862652498,3.860438363734443e-15,5.481635820250839e-29,1.1298493527791427e-37,2.3287930862926748e-46
PRT,0.0,1.0,2.8,3.3,1.1,1.1,3,1.578597123141701e-06,3.0246872259215538e-05,2.3342342651334347e-07,0.9999016703805572,5.987917716123393e-07,2.0311926918091187e-05,5.749119388658872e-07,2.975823499084532e-07,5.436683289695485e-07,2.8798359770322225e-05,5.020900033223898e-07,1.8975428412978415e-08,4.450898012265239e-07,1.3442575705500554e-05,3.227147908310722e-07,2.894795778381799e-07,1.2456024878905613e-07,3.739035258101858e-16,7.706726066656329e-25,1.588474634944446e-33
PRY,2.2,3.4,5.3,2.6,3.8,3.1,5,0.0017525943415288149,0.006894140687684429,6.675727406136015e-05,0.05053098622474397,9.467116356314598e-05,0.9286832516139868,9.053843603717363e-05,0.002864098931780771,8.561349019556607e-05,0.0047702516874527845,7.906030421258525e-05,0.0022507151331222085,7.007800321351583e-05,0.0008462391235399728,5.0799692459661916e-05,0.000640951963581712,0.00022925192877650536,5.88247215630669e-14,1.2124678793848519e-22,2.4990825616867033e-31
PSE,7.0,1.1,5.8,3.2,4.3,7.8,9,3.072300645942992e-13,7.685008684293549e-30,9.506927622831135e-40,6.340856087896378e-25,9.971453425117133e-32,9.71795847187385e-17,9.561476411163882e-32,1.7114993711347748e-14,9.041134029449457e-32,0.9999999991357829,8.348802369902727e-32,5.361335787534335e-25,7.399916676670791e-32,1.2680278610361198e-27,5.363668391842872e-32,1.2026362840662421e-20,8.638925655549484e-10,6.209310536699856e-41,1.279834290554226e-49,2.6379350840992488e-58
QAT,0.1,1.2,4.2,1.4,1.2,0.9,3,7.448104754790925e-08,4.2458806148383864e-10,2.0159674193247707e-10,0.9999595772531978,5.4945266463730705e-09,3.517953187354501e-05,5.236340417287648e-09,4.288651850803014e-06,4.951166542925137e-09,8.445830352095182e-07,4.571771184176717e-09,3.796477270271464e-12,4.0518544269099145e-09,5.169993499552134e-11,2.93641604258426e-09,2.595571515868039e-09,4.9796667755887225e-09,3.397909275209604e-18,7.003613011300373e-27,1.4435522328412505e-35
ROU,2.8,2.3,4.6,4.1,1.9,1.5,3,1.0250450896681907e-05,0.0013080041733576427,1.2277811637009425e-05,0.8279108072818102,1.2873437578073038e-05,0.003832701598877098,1.2381251237697403e-05,0.16475133652450144,1.170842444011433e-05,0.0012041133035627354,1.0813035050754369e-05,9.17334191125564e-06,9.585524520267036e-06,0.0008700664560416615,6.950112125862613e-06,8.944719030833347e-06,1.8012553412539956e-05,8.052759304495533e-15,1.6597974011074856e-23,3.421097425809861e-32
RUS,6.8,2.3,6.2,5.5,1.7,2.9,7,5.770334765262314e-16,3.2786334571521553e-13,2.1789095091700677e-10,4.7117260137927174e-11,7.480184439666258e-13,1.7120895904116854e-09,7.232069931046283e-13,0.9999985391712641,6.839296778339847e-13,4.556522723197461e-12,6.316557289477647e-13,7.215855500228816e-11,5.599843354342594e-13,3.066081318510209e-08,4.060785360970549e-13,1.7410040044372874e-13,1.4281098542903969e-06,4.706694388647776e-22,9.701220188869635e-31,1.9995705134380333e-39
RWA,3.0,6.2,3.8,3.6,6.4,5.8,5,4.075657869522211e-12,8.735004377014307e-12,1.4830077582199721e-08,9.444622338169417e-23,9.373762631525678e-13,0.999987417880128,8.981334544670958e-13,8.747253933456078e-09,8.493507150372569e-13,3.77132663869571e-17,7.844270068243711e-13,1.2525357317418725e-05,6.954136314612795e-13,3.267943839914442e-08,5.042747577360021e-13,4.153190790199313e-14,4.882636502991202e-10,5.844499288336349e-22,1.204641087948976e-30,2.48295034216658e-39
SAU,4.6,2.1,4.8,2.9,1.2,1.1,7,5.521948744296384e-13,2.3769768146538863e-10,1.5865616846598007e-12,4.521225273846746e-05,1.3839468526434675e-11,9.961520343462903e-05,1.3347025583082289e-11,0.9998544818973741,1.2622351655483058e-11,5.663501677122224e-07,1.1657851398731747e-11,1.371225130894104e-09,1.0335384325402125e-11,3.3785502084451953e-09,7.495282188899854e-12,5.061810106261332e-13,1.1923686984126367e-07,8.688917293014619e-21,1.790919335356433e-29,3.691359875568418e-38
SDN,9.0,6.9,6.5,4.4,5.7,7.7,11,0.04703293669625021,7.489964933136872e-12,8.895239056258924e-11,4.886600883223467e-29,3.555780329027123e-10,5.676571180178088e-07,3.422746391793039e-10,4.675893874017221e-07,3.237073797922756e-10,2.9068658546712744e-11,2.98992474969583e-10,0.9529659313967653,2.6509937556022513e-10,1.5347085616420815e-14,1.9228998499543875e-10,3.242351420560934e-11,9.472458717763171e-08,2.230298772760024e-19,4.596988394596815e-28,9.475099281839583e-37
SEN,3.6,6.2,5.2,4.8,6.3,3.6,5,5.19386621295538e-06,0.00013181057090427289,0.0014415704879147877,2.1755024276907066e-15,7.643555984260417e-07,0.9877935425558871,7.340892753656999e-07,5.400874008765819e-06,6.942365315244181e-07,1.9895574213071906e-09,6.41193989515303e-07,0.010441026488853212,5.684636574409614e-07,0.0001749822713584093,4.122637884722779e-07,2.58951597511107e-07,2.3973408619227105e-06,4.7795030624153715e-16,9.851290050553273e-25,2.030502217340898e-33
SGP,0.1,0.9,1.2,0.9,0.2,0.4,3,1.3618209959155991e-09,7.220509222065737e-17,4.595093246422826e-13,0.9999999984031138,7.206973375709321e-15,2.337850677376942e-10,6.8632816861495725e-15,4.984785658439768e-13,6.489702848666442e-15,1.553200814091724e-13,5.99265809442185e-15,5.0578435236069866e-17,5.311450760337945e-15,1.2243503516326434e-13,3.849719583030697e-15,8.450347964804799e-15,2.1597150330149107e-16,4.456161736820161e-24,9.184833906002003e-33,1.8931353676869735e-41
SLB,1.1,6.6,6.5,5.8,6.0,1.4,5,9.416166376513099e-11,8.994130076368221e-05,6.736901233734792e-10,1.3883742827971683e-11,4.1630011148602095e-10,0.9999100395698753,3.9705515353052155e-10,5.70226106495198e-13,3.75454400295482e-10,6.639793463587144e-12,3.467126411239582e-10,1.623917706171099e-08,3.0731778653751905e-10,5.601702560755003e-15,2.227695533579785e-10,2.799817690474173e-11,7.624744077883575e-12,2.579436428038023e-19,5.316614737492612e-28,1.0958359725302853e-36
SLE,3.8,8.1,5.4,3.9,7.2,4.0,5,4.828108824174713e-08,1.2090747316553607e-13,4.1127309108730024e-08,1.726858910660053e-29,7.028058682275652e-11,0.9943360941008257,6.663901778137504e-11,3.2610742660537416e-12,6.301166632761071e-11,2.288042881956109e-15,5.818551078088462e-11,0.005663568487810984,5.15712231304918e-11,2.476204603240701e-07,3.737843649650101e-11,3.191145779304789e-11,1.436295431919615e-13,4.326608419066843e-20,8.917804615816184e-29,1.8380965288105277e-37
SLV,3.9,3.1,5.7,6.5,4.0,1.1,1,7.807675989413447e-11,0.999978392830582,2.8517527557588897e-08,9.040623875925858e-06,3.0376436322100925e-11,5.44934810918873e-07,2.9236247737975464e-11,1.6064249513140455e-06,2.7648815570693564e-11,2.4101940088877025e-15,2.5536043085498606e-11,1.4605851478866902e-13,2.2639150705880223e-11,1.0382014011557146e-05,1.6417920111800473e-11,4.424057541313076e-09,1.0374210512386478e-13,1.903212800572569e-20,3.922813958170998e-29,8.085522200044043e-38
SOM,10.0,8.4,9.2,6.9,9.0,9.1,0,0.9999999518884695,4.722302434077026e-15,2.601444031139408e-09,6.399177507547173e-41,2.1452207893847907e-15,5.239211338432e-18,2.076314855352914e-15,9.216331224555936e-19,1.9638655887530094e-15,6.430756924730739e-13,1.8141514341567785e-15,1.851624100799217e-13,1.6087780338401209e-15,2.348681919824036e-22,1.167355426705765e-15,6.543036160025818e-13,4.5508588392656815e-08,1.3552772994783065e-24,2.7934347152329634e-33,5.75769808235328e-42
SRB,2.0,2.0,5.2,4.4,1.8,3.0,3,1.583324029084933e-05,5.927874068895275e-06,1.6667674972942198e-05,0.9888306893757399,1.7965404577797658e-06,0.001164284738002772,1.7277353213857288e-06,0.009306757970236957,1.6338320285816652e-06,4.612272249698284e-05,1.508869216083511e-06,8.892940739365593e-06,1.3375593876635288e-06,0.0005856665053126234,9.697826877806448e-07,3.162269140073622e-06,7.020369897842545e-06,1.1235410871112138e-15,2.3157907816559412e-24,4.7732005584242024e-33
SSD,8.0,9.5,9.4,4.0,8.8,8.7,0,0.9999999504687999,8.930223019564628e-15,2.225454457071675e-15,6.255823151702467e-46,1.5089214512063782e-16,3.932421081067083e-08,1.4433114120923008e-16,4.18600509826067e-25,1.364928093960913e-16,5.313396582487451e-20,1.2606077404201997e-16,1.0206976695927481e-08,1.1175760651304478e-16,5.422383305081773e-19,8.104290054216105e-17,5.6730430931701655e-18,6.671776740226715e-16,9.393588282672405e-26,1.9361628516521116e-34,3.990729075317291e-43
STP,0.0,4.8,6.0,1.3,5.9,1.2,5,5.3899322048897165e-15,9.711722281382784e-09,8.505415875867558e-12,9.387651134169619e-11,2.2685973707986455e-13,0.999999987584153,2.1498897550925635e-13,1.5110868131979142e-13,2.0324647794506805e-13,1.2843262532794012e-10,1.8763033651822607e-13,2.4683738006048438e-09,1.6624155241006815e-13,7.335780318088683e-13,1.2039774649844522e-13,2.851689992091296e-12,7.506867453814314e-14,1.3907895330891283e-22,2.8666308841642086e-31,5.908566631094595e-40
SUR,0.1,4.0,6.0,3.9,3.9,1.4,5,7.908217991760775e-07,0.013489357194443274,1.0132110880620285e-05,0.007154573932523681,1.6127915841928376e-06,0.9793302416789795,1.5367431925577899e-06,1.3711269069678143e-07,1.4531139690995222e-06,1.1481826232700733e-06,1.3418424883130807e-06,2.4884943225090125e-06,1.18933725633633e-06,2.1804399757950692e-10,8.620689821544927e-07,3.028837644315013e-06,1.0551857472674561e-07,9.979970065900706e-16,2.0570251453124684e-24,4.2398448297118206e-33
SVK,0.1,1.3,3.8,2.9,0.9,0.9,3,1.2526228850014884e-06,2.4188681726453405e-07,1.209336096846527e-08,0.9999388177149913,3.857906646682686e-07,1.7367845252210965e-05,3.6883738649573986e-07,1.5170261239570292e-05,3.4876570751507397e-07,2.446437139089567e-05,3.220595995347787e-07,2.5472647391946886e-09,2.854569137503955e-07,2.4514758162904977e-07,2.0690897792310033e-07,2.0533229697351423e-07,3.0235766927721274e-07,2.3953618967365563e-16,4.937208850501569e-25,1.0176345906956056e-33
SVN,0.0,1.1,2.2,3.5,0.2,0.9,3,1.442598796820469e-06,1.903640293420709e-08,1.8156967725521782e-09,0.999768788116917,1.9428256552026283e-08,9.017997230052349e-08,1.8595123557819214e-08,1.4143074938457943e-07,1.758299296866066e-08,6.119595421874186e-05,1.6236352742729095e-08,6.967068314438365e-10,1.4390751694134042e-08,0.000168132538811247,1.0430430995072925e-08,8.664684104874262e-08,4.320978224251843e-09,1.2073725901522375e-17,2.4885803878207818e-26,5.129346481090984e-35
SWE,0.1,0.9,2.0,1.2,0.3,5.2,3,7.36367143082417e-21,1.9822399247044157e-14,9.879002451579508e-16,0.9999999182660388,3.4031401654923796e-15,6.322775393340172e-14,3.2278215014372894e-15,3.84116678995044e-15,3.0519916411555998e-15,3.5386808251328177e-16,2.818074938909355e-15,2.839805641321977e-17,2.4975332551696784e-15,8.173385504488339e-08,1.8098907043601192e-15,8.158711332371746e-16,3.3324111849526278e-21,2.0940508359399192e-24,4.316160466057873e-33,8.896269779649242e-42
SWZ,2.3,5.4,5.3,2.5,5.7,2.8,5,3.95437237021044e-07,1.7716170424248465e-05,8.158260922015164e-08,1.1211653967388987e-11,3.2734031511332244e-08,0.9995308005076745,3.117231174955793e-08,1.2990167378176612e-07,2.9474793919939516e-08,2.432213420509887e-09,2.7216390716480463e-08,0.0004312622660515758,2.412146742918516e-08,1.9391949716241787e-05,1.74813814408579e-08,1.5099984441416448e-08,4.244082650608918e-08,2.0229812704187396e-17,4.169675173639993e-26,8.594341088547828e-35
SYC,0.0,2.4,4.1,2.8,2.5,0.7,3,1.1604937009543573e-06,0.0002432969596987061,2.928901209260274e-07,0.9912862470274535,1.770128202811036e-06,0.008422377613532334,1.690619241909953e-06,1.8060123189232357e-05,1.5986353837081068e-06,1.661960177609612e-05,1.4762443476913263e-06,3.4757516670130133e-07,1.3084926122982097e-06,5.681704728061713e-07,9.484812290106884e-07,1.3646103087774928e-06,8.723335615841398e-07,1.0981707532383678e-15,2.263498626089835e-24,4.665418392553873e-33
SYR,10.0,4.4,6.7,5.6,7.5,8.0,16,0.0033770922488719,8.834489107866394e-19,2.6155763039909043e-34,1.3212418196239232e-42,8.505688331780128e-29,1.1305760850742462e-23,8.090623160684364e-29,4.724598617891373e-13,7.650056212055996e-29,3.205779166755734e-08,7.063916560219098e-29,4.814411253683552e-28,6.260663668000208e-29,1.0551998195784089e-29,4.537283100979903e-29,1.4186901026832837e-18,0.9966228756928645,5.250748247182638e-38,1.0822598770170794e-46,2.2307038659356583e-55
TCD,7.0,9.6,8.0,4.2,7.5,7.6,0,0.9936952787725131,1.0337979128462864e-14,1.7676417048991535e-13,7.721565087144656e-45,2.9128892345699927e-15,0.006304355953907992,2.7474287805772908e-15,4.545659780927922e-22,2.597731753730121e-15,6.768304443975691e-21,2.3985875088727933e-15,3.6527337585466556e-07,2.12570728186801e-15,1.3189491416982684e-18,1.5403568307404864e-15,2.9987519865138497e-16,1.1966188507200688e-15,1.7819505667406313e-24,3.672873865634498e-33,7.57035727291934e-42
TGO,2.1,7.0,8.2,2.9,6.4,3.7,5,4.481275624601084e-06,6.183197007801034e-07,4.413597769317169e-06,7.00221046686215e-18,4.690050063579563e-11,0.9999904865336509,4.409300476984878e-11,2.0883915977742963e-17,4.168789783069988e-11,4.690651687236493e-12,3.848881837020563e-11,2.385911880301919e-11,3.4106110579544266e-11,5.066171434168439e-15,2.4708260828243005e-11,1.4422883402102369e-11,2.9166345022507937e-13,2.856484923267698e-20,5.887654247015014e-29,1.213535987891162e-37
THA,4.8,2.7,5.0,6.2,2.3,3.9,7,1.983938850739654e-05,0.0001104506671284844,0.0043780853569013204,0.00011245412809703091,6.75674841724079e-07,4.433549163336434e-06,6.51393314612431e-07,0.9847013716866487,6.159812836310197e-07,0.0011198611980310497,5.688578503589471e-07,3.1756695625212627e-07,5.042597771156798e-07,0.009547181363030219,3.655882812491634e-07,3.4868770499627323e-07,2.274652481611799e-06,4.234917579485709e-16,8.72881570967714e-25,1.7991430119615732e-33
TJK,4.6,3.9,6.0,5.8,4.5,2.1,1,3.404985077319244e-08,0.9999134274315697,5.96028162905714e-06,1.0389671342538921e-06,1.9906878466969858e-08,4.549675722634484e-06,1.9174438043444916e-08,4.046103531505026e-05,1.8133627679149693e-08,2.8796114134669374e-10,1.674832124925169e-08,7.138845281914371e-09,1.4848782674193454e-08,3.319950998020957e-05,1.076903608077047e-08,1.217632780029943e-06,4.408127758082966e-09,1.2485896560714253e-17,2.5735350925510774e-26,5.304451178489114e-35
TKM,0.8,2.9,7.7,3.7,1.6,0.8,5,9.4364418371843e-14,1.2057532490528034e-15,5.590990376763843e-15,0.000210521788143767,1.6173723716932217e-19,0.9997894679604292,1.5461009892831755e-19,9.749698539618961e-09,1.4619334579424913e-19,8.094653147404898e-25,1.3499508615810727e-19,9.462867197095232e-22,1.1964805493272685e-19,1.8515828039928489e-25,8.671787049842372e-20,1.008907522281722e-21,5.016277073573129e-10,1.003703124072904e-28,2.0687863300317647e-37,4.2640864382002206e-46
TLS,2.1,5.8,6.6,4.5,5.0,3.2,5,0.0003698780343998889,0.004450037728704453,3.3186187886189954e-05,1.6448374936944863e-09,8.539839160814793e-07,0.9951270729956442,8.116482905486124e-07,1.5194802293913916e-08,7.674540728058205e-07,4.5715929105970086e-07,7.086565617362986e-07,1.4145811120000619e-05,6.280786534886734e-07,2.5483307885636902e-09,4.5519435472365096e-07,4.022498540008124e-07,5.754292796754839e-07,5.267949754111384e-16,1.0858053718488383e-24,2.2380116754514504e-33
TON,0.0,2.9,5.6,5.2,5.3,3.5,5,8.307115392805598e-17,4.945337650293372e-08,0.0003585535559160815,4.512245658204363e-09,2.185526817820464e-15,0.9996413905155561,2.114900819731936e-15,3.842439406252649e-14,2.0003317925050416e-15,5.98324364375983e-12,1.847800741777319e-15,1.4307498988072893e-10,1.6385731476087827e-15,7.029474684091361e-12,1.1889053212663944e-15,1.6618198530381894e-09,1.44949463618936e-10,1.3800819714734729e-24,2.8445609547687373e-33,5.863077116174198e-42
TTO,0.6,1.4,4.8,3.0,2.3,3.6,3,3.519863853244157e-09,7.964309939969749e-07,2.5695173188260632e-05,0.9717259915844842,8.431034715246974e-08,0.004934236059647829,8.104741422857615e-08,9.954430182852295e-06,7.664538787584079e-08,0.023228817892113094,7.078682030165319e-08,4.392342530537385e-06,6.275441461325338e-08,6.65248773736549e-05,4.550623121899988e-08,3.158704574842312e-06,7.934431620353128e-09,5.274209081568896e-17,1.0870955153970053e-25,2.2406708594992703e-34
TUN,2.7,3.2,5.9,4.6,2.7,0.8,3,5.305689924924413e-09,0.00680684210221137,3.0891687742429584e-07,0.963578890050544,8.763264307868935e-08,0.02809905847856457,8.425730581489224e-08,0.001514033154508824,7.967760855878142e-08,1.7873750308940254e-08,7.35831746783492e-08,2.114455526405275e-08,6.522848610603914e-08,1.642365759968433e-07,4.72925607397839e-08,5.7982660871442466e-08,1.6308228252550397e-07,5.478880118483516e-17,1.1292813603109185e-25,2.3276223665592757e-34
TUR,9.0,2.6,3.8,6.2,2.3,6.8,9,3.6679764986079574e-11,5.602419883113154e-15,2.3483291092492248e-07,2.197332125952403e-21,1.5796055350535652e-13,3.0660507832659777e-15,1.5210804624676723e-13,0.00014665082987574328,1.4385165727699528e-13,0.9998531142937761,1.328624625682183e-13,1.1992547704720136e-12,1.1779395837443436e-13,6.598978770870224e-19,8.543020718255234e-14,2.984229950984528e-15,4.7564923590233145e-12,9.905144562653079e-23,2.041602459609143e-31,4.208056305206562e-40
TUV,0.0,3.4,6.5,3.0,5.1,2.0,5,2.0216641628477503e-13,1.449364031040174e-07,2.165364249038169e-06,7.107737317272745e-06,1.4681858559181194e-11,0.9999815253925299,1.4083862223470552e-11,9.244769114320376e-14,1.3318061833074133e-11,7.282855799535342e-08,1.2299024385898879e-11,1.762607901112358e-06,1.0902150717900332e-11,2.4146895324682777e-13,7.903704312665314e-12,7.221057701454853e-06,1.6158552123889555e-12,9.154446095834938e-21,1.886871973182724e-29,3.8891330026068987e-38
TZA,4.6,7.2,5.0,5.0,5.8,5.9,5,0.0029493009706437418,2.6577152670471704e-09,3.840768638812583e-06,7.454266093272346e-23,1.708959212997933e-08,0.6905632637610587,1.6272604746601325e-08,1.6617017287945734e-07,1.538703381920897e-08,1.1718625100442697e-08,1.4208755826063202e-08,0.3064827928199592,1.259385149551335e-08,2.8922749970323824e-07,9.128376762740215e-09,2.470310362542759e-07,1.9443559446947469e-10,1.0567589529468682e-17,2.1781425439070852e-26,4.4894863945656435e-35
UGA,6.5,7.5,6.8,4.3,6.4,7.4,0,0.9531498042481521,6.668270843590242e-09,2.9431576010670632e-08,5.172562823331503e-27,4.831297722688313e-09,0.002110462755136775,4.61336978774802e-09,4.4052759580878077e-10,4.362604219066719e-09,1.1301447264539359e-10,4.028900118881725e-09,0.044739668288201744,3.571438672929669e-09,2.193675400169285e-10,2.5893717032301724e-09,9.379130027379222e-10,2.9008577466691157e-09,2.9997346385436903e-18,6.18291391658321e-27,1.274393541640248e-35
UKR,7.0,2.5,6.4,3.2,1.8,5.6,7,7.465650918694564e-12,3.4313702011622924e-23,4.2971455619488126e-17,2.6914318573059017e-11,1.7267942752855217e-14,8.223264509627433e-09,1.6700638793600094e-14,0.9893233124567632,1.5795026939858114e-14,5.96331844563359e-15,1.4589504395758536e-14,7.600402422030491e-09,1.2936181739747329e-14,4.422952877104472e-11,9.384058869374163e-15,1.0796267229843312e-15,0.010676671640866315,1.0886622574081875e-23,2.2439001554707292e-32,4.625022933843077e-41
URY,0.1,1.7,3.8,1.8,1.9,2.1,3,1.4941442540725034e-07,3.3547205992461156e-07,7.923326389495129e-08,0.9999062858777559,2.2381771163341813e-07,7.643398550801338e-05,2.1333764816857054e-07,1.846759888995831e-06,2.0172290776458352e-07,1.3258390742246538e-05,1.8626999065453023e-07,5.8679869813818535e-09,1.650923460583476e-07,3.154785368150902e-07,1.1965263061535152e-07,1.4350731611582948e-07,3.611928045554178e-08,1.3848404876264428e-16,2.8543689875651423e-25,5.883292978501523e-34
USA,6.7,1.4,2.7,6.6,0.8,4.5,9,1.3205661081326007e-12,7.151737102541275e-12,0.0005311486661928403,2.4649065456138982e-14,2.8158644230833555e-13,9.594394898511455e-13,2.7136041917861744e-13,5.660483745788995e-06,2.5660595146933256e-13,0.9994631906456942,2.36972332115742e-13,1.0010738046803153e-14,2.1005881746352133e-13,1.934779202293746e-10,1.522871203333875e-13,1.4217393806134836e-14,7.872581294277342e-17,1.7639017882499332e-22,3.6356725604731954e-31,7.493679668026609e-40
UZB,2.0,3.0,4.8,5.3,3.0,0.6,1,4.883367851266171e-08,0.7493879815988178,4.5320889916948187e-07,0.24460549409697308,1.6733728637075094e-07,0.0052709814407566405,1.6115060460416685e-07,0.0006274253802850465,1.5239688613756685e-07,5.448095210095811e-08,1.407469075912664e-07,5.525408466106268e-08,1.2477448438358952e-07,0.00010654791943135197,9.047773124352585e-08,1.1908835095208168e-07,1.8138707049146556e-09,1.0485757979094642e-16,2.1612758042615413e-25,4.454721453046472e-34
VCT,0.0,2.3,4.4,2.6,2.7,0.5,3,1.9574595105412362e-07,0.0002540868654033015,7.148998997325753e-08,0.9698694210996518,4.54683589674525e-07,0.02986062894084866,4.3469106203261545e-07,4.557374130920244e-06,4.1104234026158593e-07,7.518044944878037e-06,3.7957566202572074e-07,2.253278357049227e-07,3.364460644352655e-07,2.277966322905895e-08,2.43883052607424e-07,8.187300494550084e-07,1.9327976008014888e-07,2.823875546831861e-16,5.820441312659469e-25,1.1996823695789838e-33
VEN,5.9,3.8,5.3,6.1,2.9,3.9,7,5.279369049117938e-07,2.601248855098069e-05,0.0025139379101062954,4.489911915242459e-08,1.3552503774803229e-07,2.7073101853036587e-06,1.3068574931170275e-07,0.9970618054907627,1.2358198879032405e-07,0.00030195180903140503,1.1412874683530552e-07,2.549493107529751e-06,1.011697299607762e-07,8.86704610079811e-05,7.334984194963626e-08,4.112081119949522e-08,1.0726393179781711e-06,8.497279027665814e-17,1.7514197448728648e-25,3.609945151558378e-34
VNM,3.1,3.6,5.1,7.3,3.3,0.9,1,5.2750432061742e-11,0.995570017755563,7.505400103489976e-09,0.003614886208995068,1.8557374814941443e-11,3.2008114142706574e-05,1.7904722441151754e-11,0.00073515850676911,1.6931124118544723e-11,1.2921946135630052e-12,1.56355806504585e-11,8.706663836542265e-14,1.3859692095813474e-11,4.792176069359294e-05,1.0047727616150955e-11,1.3690055273484325e-12,1.7551398655947268e-15,1.1637448981512561e-20,2.398657012416091e-29,4.944000590133431e-38
VUT,0.0,5.6,5.8,5.2,6.0,1.4,5,4.961089413786098e-13,1.1183676054870681e-05,3.239110102360274e-08,7.517580153838836e-11,8.333951706446446e-10,0.9999878003682731,7.979627981654815e-10,3.969490082358996e-12,7.546176073540613e-10,2.8513046829840733e-13,6.969311691596007e-10,9.782319049789532e-07,6.178414970352836e-10,1.8923806379329556e-12,4.4801607281201175e-10,3.633844273508102e-10,7.386983496591342e-10,5.19222554444606e-19,1.0701974489448293e-27,2.205841348619129e-36
WSM,0.0,3.9,4.2,3.5,5.0,0.6,5,9.335469145573456e-14,9.073378288048628e-07,3.6610988112915e-10,7.324912030642111e-08,9.782154481533411e-12,0.9999987218999703,9.398894593485017e-12,3.7606034307323876e-09,8.888364597400962e-12,1.1625455400955509e-14,8.208916997610739e-12,2.22069957343959e-07,7.277370413161213e-12,8.837980579194239e-09,5.277084377924722e-12,4.6198003276691135e-12,6.242487201312785e-08,6.1159199054914205e-21,1.2605850467742528e-29,2.598259435552993e-38
YEM,10.0,6.8,8.6,4.0,7.5,8.7,0,0.9999736732789554,3.920319180329776e-16,2.17777003227581e-24,1.435247054013813e-34,7.702460117300932e-17,1.639919537292159e-15,7.450703969561391e-17,7.359377246107568e-12,7.046684161081492e-17,2.0590308112025546e-11,6.50886484389725e-17,1.7470013030568516e-07,5.771267484264042e-17,2.439137899465125e-17,4.1865533432473896e-17,3.872699229600468e-14,2.615199292347802e-05,4.8569224581464116e-26,1.0010863318519414e-34,2.0633927192722046e-43
ZAF,6.6,3.9,4.5,5.0,4.2,4.9,7,0.02532508034276883,0.006423009572785365,0.00020594142075689478,1.7231559800636303e-12,1.270225642885265e-06,7.945614869254566e-06,1.224950430187331e-06,0.9110240119946756,1.1585152065966025e-06,0.05660967883310883,1.0700806423885664e-06,0.0001915291085408043,9.48800042519792e-07,3.583015233606708e-07,6.882457537054032e-07,6.281937460524305e-07,0.00020545579778235873,7.98371194155484e-16,1.6455656788852255e-24,3.391763659997884e-33
ZMB,0.9,6.8,5.0,3.4,6.2,5.6,5,2.2533980604048745e-11,1.2605223834172938e-08,7.046965207840349e-10,1.3065058815853303e-23,1.0883451706561518e-10,0.9998155682697218,1.0230235866965934e-10,5.858111977708577e-10,9.672198119164361e-11,1.3219304624787475e-10,8.929944542539916e-11,0.0001702774841115632,7.91307031847878e-11,1.4139635781551512e-05,5.732607218907828e-11,2.1753807299209212e-11,4.558032561711107e-12,6.627276196052014e-20,1.3659834338348204e-28,2.815501702842221e-37
ZWE,3.6,6.6,5.1,4.7,5.9,5.0,5,0.00041631487610401587,2.4261338084319065e-06,0.00023137152168878274,4.712410553626901e-18,9.709528348182776e-07,0.9048332984947394,9.265986074597163e-07,1.4899384247043684e-06,8.762137885584147e-07,8.82609067387901e-08,8.091679048835019e-07,0.09447304930282087,7.172635096580457e-07,3.600738572675401e-05,5.199891858851312e-07,9.988993865193917e-07,1.3500056166553454e-07,6.022667742498599e-16,1.2413643434180726e-24,2.5586426132044768e-33
